Marathon,RaceOneKM,RaceOneResultInSecondsNormalized,TimeBetweenMarathonAndRaceOne,RaceTwoKM,RaceTwoResultInSecondsNormalized,TimeBetweenRaceOneAndRaceTwo,ImprovementRate,ImprovementRateEdited
JerusalemMarathon,10000,0.453473132,-14,15000,0.314285714,-104,-0.014358319,-0.018665815
מרתוןטבריהWinner,10000,0.459346505,-51,15000,0.333237617,-4,0.022573375,0.029345388
מרתוןסמסונגתל-אביב,42195,0.456992084,-49,10000,0.36056231,-51,-0.036943093,-0.048026021
JerusalemMarathon,42195,0.24174751,-14,21097,0.193036884,-84,0.073124578,0.095061951
מרתוןטבריהWinner,21097,0.212915087,-35,21097,0.241413013,-28,0.047638061,0.061929479
JerusalemMarathon,21097,0.231561874,-14,21097,0.249224405,-84,0.124190194,0.161447252
JerusalemMarathon,21097,0.281557103,-21,10000,0.162910241,-49,0.161824759,0.210372187
JerusalemMarathon,42195,0.380688847,-14,21097,0.29012984,-84,0.08775083,0.114076079
מרתוןטבריהWinner,21097,0.314576934,-63,21097,0.258381689,-28,0.120512773,0.156666605
JerusalemMarathon,42195,0.300279966,-14,42195,0.660485724,-98,-0.115461308,-0.1500997
JerusalemMarathon,21097,0.230607766,-21,10000,0.174913694,-13,0.161545399,0.210009019
JerusalemMarathon,42195,0.304772446,-14,42195,0.782573023,-98,-0.125585613,-0.163261297
מרתוןסמסונגתל-אביב,21097,0.195564748,-84,15000,0.162096195,-20,0.07711067,0.100243871
מרתוןטבריהWinner,10000,0.142287234,-51,15000,0.273797559,-4,0.119859978,0.155817971
מרתוןסמסונגתל-אביב,15000,0.244235141,-21,42195,0.433641161,-28,0.268002405,0.348403127
מרתוןסמסונגתל-אביב,21097,0.336665518,-84,15000,0.293323762,-20,0.075265143,0.097844686
JerusalemMarathon,21097,0.475527144,-14,42195,0.988513292,-98,-0.123524547,-0.160581911
מרתוןסמסונגתל-אביב,21097,0.191385218,-77,10000,0.148176292,-23,0.107320619,0.139516805
JerusalemMarathon,42195,0.299628882,-21,42195,0.321833773,-49,0.063482709,0.082527522
JerusalemMarathon,21097,0.304492704,-98,15000,0.286862886,-20,0.300439629,0.390571518
JerusalemMarathon,42195,0.334787421,-21,21097,0.238768241,-84,0.208045923,0.2704597
JerusalemMarathon,42195,0.44794583,-21,42195,0.399472296,-49,0.019479251,0.025323026
JerusalemMarathon,42195,0.310632203,-21,42195,0.393997361,-49,0.199606463,0.259488402
מרתוןטבריהWinner,21097,0.222222222,-35,15000,0.179612347,-20,0.062473216,0.081215181
מרתוןסמסונגתל-אביב,21097,0.246926347,-84,15000,0.287006461,-20,0.123618921,0.160704597
JerusalemMarathon,42195,0.339577836,-70,21097,0.257497415,-35,0.04969991,0.064609883
מרתוןסמסונגתל-אביב,21097,0.234746639,-84,15000,0.214357502,-20,0.049879859,0.064843817
מרתוןטבריהWinner,21097,0.166839021,-35,15000,0.152763819,-20,0.08934106,0.116143378
מרתוןטבריהWinner,21097,0.204527175,-35,15000,0.176453697,-20,0.080221965,0.104288555
מרתוןסמסונגתל-אביב,21097,0.126508101,-84,21097,0.122602265,-28,0.0480472,0.06246136
JerusalemMarathon,42195,0.330815808,-21,21097,0.170506912,-98,0.111866426,0.145426354
JerusalemMarathon,10000,0.165017261,-34,21097,0.200435335,-14,0.208254966,0.270731456
מרתוןטבריהWinner,21097,0.296334597,-35,10000,0.215235562,-16,0.073370593,0.095381771
DesertMarathon,15000,0.260875808,-6,42195,0.45881114,-36,0.200379697,0.260493606
מרתוןטבריהWinner,21097,0.266574744,-35,10000,0.153495441,-16,0.180400264,0.234520343
JerusalemMarathon,21097,0.263333651,-21,42195,0.394591029,-49,0.086979229,0.113072998
מרתוןסמסונגתל-אביב,15000,0.221825268,-21,42195,0.407915567,-28,-0.121107803,-0.157440144
מרתוןסמסונגתל-אביב,42195,0.446504759,-98,10000,0.149079985,-17,-0.032150077,-0.0417951
JerusalemMarathon,10000,0.423328965,-21,42195,0.352110818,-49,0.019393478,0.025211521
מרתוןטבריהWinner,21097,0.221992416,-35,15000,0.216511127,-20,0.221975141,0.288567683
JerusalemMarathon,42195,0.350218113,-14,21097,0.269677123,-84,0.0765513,0.09951669
מרתוןטבריהWinner,21097,0.233367804,-35,21097,0.298380341,-28,0.008400334,0.010920434
מרתוןסמסונגתל-אביב,42195,0.612569741,-98,10000,0.49380398,-17,-0.270160622,-0.351208809
מרתוןטבריהWinner,21097,0.138144114,-49,5000,0.102296451,-55,0.159463095,0.207302024
JerusalemMarathon,42195,0.58512924,-21,42195,0.298878628,-49,-0.105579672,-0.137253574
מרתוןסמסונגתל-אביב,15000,0.3081571,-21,42195,0.34848285,-28,0.017275442,0.022458075
JerusalemMarathon,42195,0.407578618,-14,21097,0.21934965,-84,0.131138139,0.170479581
InternationalTiberiasWinnerMarathon,21097,0.233023095,-37,15000,0.177458722,-20,0.110492158,0.143639805
JerusalemMarathon,21097,0.542600897,-21,21097,0.125958558,-77,0.140855236,0.183111807
מרתוןטבריהWinner,21097,0.240032173,-35,15000,0.183345298,-20,0.075580394,0.098254512
JerusalemMarathon,42195,0.250862686,-21,42195,0.256662269,-49,0.073388999,0.095405699
מרתוןטבריהWinner,21097,0.369757555,-35,42195,0.640753218,-14,-0.228276494,-0.296759442
מרתוןסמסונגתל-אביב,42195,0.304287599,-49,21097,0.208548776,-35,0.024915233,0.032389803
InternationalTiberiasWinnerMarathon,5000,0.054676259,-22,21097,0.225209698,-15,0.393566596,0.511636575
JerusalemMarathon,42195,0.332452129,-61,21097,0.232333678,-37,0.043567594,0.056637872
JerusalemMarathon,42195,0.275343447,-21,42195,0.383047493,-49,0.079823266,0.103770246
מרתוןטבריהWinner,21097,0.295070665,-35,15000,0.241349605,-20,0.056394086,0.073312312
מרתוןטבריהWinner,21097,0.293347122,-35,15000,0.234601579,-20,0.164653618,0.214049703
מרתוןטבריהWinner,10000,0.250229991,-7,21097,0.278065035,-28,0.079849849,0.103804804
JerusalemMarathon,42195,0.205742561,-14,21097,0.230380329,-84,0.252717776,0.328533109
JerusalemMarathon,42195,0.272295515,-70,21097,0.224635183,-35,0.090943987,0.118227183
JerusalemMarathon,42195,0.243049678,-21,42195,0.25171504,-49,0.079705606,0.103617288
מרתוןסמסונגתל-אביב,21097,0.20395266,-84,15000,0.170423546,-20,0.190701082,0.247911407
JerusalemMarathon,42195,0.304577121,-14,21097,0.195334942,-84,0.0968378,0.12588914
DesertMarathon,15000,0.188226849,-6,10000,0.113218175,-11,0.435755992,0.56648279
JerusalemMarathon,42195,0.299563774,-21,42195,0.34525066,-49,0.083245371,0.108218982
JerusalemMarathon,21097,0.191680183,-14,21097,0.174882225,-84,0.162159813,0.210807757
JerusalemMarathon,42195,0.284979491,-14,42195,0.607975057,-98,-0.061398811,-0.079818454
JerusalemMarathon,42195,0.259261671,-21,42195,0.27005277,-49,0.016701941,0.021712523
JerusalemMarathon,21097,0.223371251,-98,15000,0.1977028,-20,0.142953234,0.185839204
מרתוןטבריהWinner,21097,0.161093876,-35,5000,0.083665339,-30,0.101894799,0.132463239
JerusalemMarathon,21097,0.180326305,-21,15000,0.161416044,-21,0.081208851,0.105571506
JerusalemMarathon,42195,0.4663064,-21,42195,0.341556728,-49,0.116170055,0.151021072
JerusalemMarathon,21097,0.325541456,-21,42195,0.400791557,-49,0.109300944,0.142091227
מרתוןטבריהWinner,15000,0.31873654,-55,10000,0.204522912,-36,0.236061567,0.306880037
מרתוןסמסונגתל-אביב,21097,0.358726876,-84,15000,0.309834889,-20,0.139447876,0.181282239
מרתוןסמסונגתל-אביב,15000,0.211594674,-21,21097,0.241296105,-63,0.10391466,0.135089058
מרתוןטבריהWinner,21097,0.284614501,-35,10000,0.216505047,-70,0.158806981,0.206449075
מרתוןסמסונגתל-אביב,15000,0.150323044,-104,10000,0.106834397,-11,0.115122041,0.149658653
מרתוןסמסונגתל-אביב,21097,0.316787315,-84,15000,0.270926059,-20,0.07621949,0.099085337
מרתוןטבריהWinner,21097,0.209582902,-35,15000,0.182053123,-20,0.086042146,0.11185479
JerusalemMarathon,21097,0.241296105,-98,15000,0.187939698,-20,0.245135886,0.318676652
JerusalemMarathon,42195,0.410248063,-21,42195,0.399604222,-49,0.079100533,0.102830693
JerusalemMarathon,10000,0.161580228,-21,15000,0.200389737,-21,0.158868939,0.206529621
מרתוןסמסונגתל-אביב,42195,0.27025066,-49,15000,0.147307968,-55,0.016821311,0.021867704
JerusalemMarathon,21097,0.309798683,-14,21097,0.327243479,-84,0.051879352,0.067443158
JerusalemMarathon,42195,0.279835927,-21,42195,0.334828496,-49,0.232267662,0.301947961
JerusalemMarathon,21097,0.232134338,-21,42195,0.349538259,-49,0.072644172,0.094437424
מרתוןטבריהWinner,21097,0.250833046,-35,10000,0.257013866,-28,0.264348312,0.343652806
מרתוןטבריהWinner,21097,0.229576008,-35,15000,0.204594401,-20,0.085223503,0.110790554
מרתוןסמסונגתל-אביב,21097,0.220268873,-84,15000,0.19626705,-20,0.061150621,0.079495807
מרתוןטבריהWinner,21097,0.238193726,-35,15000,0.198654941,-56,0.099517619,0.129372905
מרתוןטבריהWinner,21097,0.259335861,-35,5000,0.121651296,-42,0.331010379,0.430313493
JerusalemMarathon,42195,0.394854881,-70,21097,0.226225388,-49,0.115563391,0.150232408
מרתוןסמסונגתל-אביב,42195,0.25237467,-49,15000,0.16281407,-55,0.046263303,0.060142294
JerusalemMarathon,42195,0.357184713,-21,42195,0.402836412,-49,-0.007765405,-0.010095027
JerusalemMarathon,21097,0.402633337,-21,42195,0.334168865,-49,0.093269271,0.121250052
מרתוןסמסונגתל-אביב,15000,0.250251256,-104,5000,0.135956175,-10,0.110431671,0.143561172
מרתוןסמסונגתל-אביב,15000,0.306457704,-21,42195,0.358905013,-28,-0.170040562,-0.221052731
מרתוןטבריהWinner,5000,0.231159703,-55,5000,0.209163347,-10,0.101144544,0.131487907
מרתוןסמסונגתל-אביב,21097,0.219694358,-84,10000,0.145896657,-16,0.104072127,0.135293765
מרתוןטבריהWinner,10000,0.239740821,-48,10000,0.450037994,-3,-0.029454051,-0.038290266
מרתוןטבריהWinner,21097,0.227737562,-35,10000,0.149316109,-16,0.104283191,0.135568148
מרתוןטבריהWinner,21097,0.25611858,-35,15000,0.225843503,-20,0.095958272,0.124745754
JerusalemMarathon,10000,0.12900206,-21,42195,0.264116095,-49,0.119414248,0.155238522
מרתוןטבריהWinner,21097,0.228541882,-35,15000,0.211486001,-20,0.181767061,0.236297179
מרתוןטבריהWinner,21097,0.047799609,-35,15000,0.032160804,-20,0.007513197,0.009767156
מרתוןסמסונגתל-אביב,15000,0.221536253,-104,10000,0.190762298,-11,0.08761985,0.113905805
מרתוןטבריהWinner,15000,0.08183776,-55,5000,0.017074117,-11,0.067364642,0.087574035
מרתוןטבריהWinner,21097,0.107319315,-35,15000,0.088729361,-20,0.031988854,0.04158551
JerusalemMarathon,42195,0.48264861,-21,42195,0.399802111,-49,0.038609508,0.05019236
JerusalemMarathon,21097,0.415227555,-21,21097,0.261519016,-84,0.219327572,0.285125844
JerusalemMarathon,42195,0.46181392,-21,42195,0.566622691,-49,-0.037050951,-0.048166236
JerusalemMarathon,21097,0.347772159,-21,42195,0.563588391,-49,0.062134905,0.080775377
מרתוןטבריהWinner,21097,0.35769275,-35,10000,0.245440729,-16,0.336955688,0.438042394
מרתוןסמסונגתל-אביב,42195,0.442744063,-49,21097,0.317936344,-35,0.076199936,0.099059917
מרתוןטבריהWinner,21097,0.426749397,-35,15000,0.423833453,-20,0.202083245,0.262708219
מרתוןסמסונגתל-אביב,15000,0.381292627,-21,21097,0.394163641,-91,0.231257477,0.30063472
מרתוןסמסונגתל-אביב,15000,0.384540435,-21,10000,0.367401216,-79,0.073928256,0.096106733
מרתוןסמסונגתל-אביב,21097,0.394116971,-84,10000,0.336056231,-16,0.157668787,0.204969423
JerusalemMarathon,15000,0.433166771,-14,21097,0.293197214,-7,0.122051415,0.15866684
מרתוןסמסונגתל-אביב,21097,0.491899345,-84,21097,0.372082274,-28,0.162839583,0.211691458
JerusalemMarathon,42195,0.597099171,-61,21097,0.340227508,-37,0.077332332,0.100532032
מרתוןטבריהWinner,21097,0.331954498,-35,10000,0.260068389,-16,0.149569031,0.19443974
JerusalemMarathon,42195,0.529005795,-21,42195,0.56701847,-49,0.041825912,0.054373686
מרתוןסמסונגתל-אביב,21097,0.293462025,-84,15000,0.297918162,-20,0.164886767,0.214352797
JerusalemMarathon,21097,0.36714054,-21,42195,0.465699208,-49,0.085199688,0.110759594
מרתוןסמסונגתל-אביב,21097,0.330528181,-98,10000,0.315996996,-17,0.259197207,0.336956369
JerusalemMarathon,10000,0.275166192,-6,21097,0.226434855,-113,0.254375723,0.33068844
מרתוןסמסונגתל-אביב,42195,0.39505277,-49,10000,0.448708207,-51,-0.071727484,-0.093245729
מרתוןסמסונגתל-אביב,5000,0.382777501,-22,42195,0.520514512,-27,0.160763656,0.208992753
JerusalemMarathon,10000,0.268863509,-21,10000,0.243772242,-49,0.303796447,0.394935381
מרתוןסמסונגתל-אביב,42195,0.569376965,-47,10000,0.276943297,-68,0.086768901,0.112799571
מרתוןטבריהWinner,15000,0.253984207,-55,21097,0.315833566,-8,0.125975019,0.163767525
JerusalemMarathon,42195,0.593593333,-14,21097,0.600367689,-84,0.004615809,0.006000552
JerusalemMarathon,15000,0.373497889,-42,42195,0.570712401,-28,0.083563321,0.108632317
מרתוןסמסונגתל-אביב,21097,0.376996438,-84,21097,0.339842847,-28,0.078848409,0.102502932
מרתוןטבריהWinner,42195,0.364256716,-49,15000,0.273941134,-6,0.122787618,0.159623903
JerusalemMarathon,42195,0.593240926,-61,21097,0.398598185,-37,0.043920813,0.057097057
מרתוןסמסונגתל-אביב,21097,0.264506492,-84,42195,0.441824307,-14,0.067369792,0.08758073
מרתוןטבריהWinner,21097,0.267493968,-35,15000,0.253984207,-20,0.146846665,0.190900665
מרתוןסמסונגתל-אביב,42195,0.518205805,-49,10000,0.256838906,-51,0.057037837,0.074149188
JerusalemMarathon,42195,0.54554333,-14,21097,0.413535562,-84,0.167917264,0.218292443
JerusalemMarathon,5000,0.209731544,-14,42195,0.575102546,-7,0.109075493,0.141798141
JerusalemMarathon,42195,0.433621981,-21,42195,0.487269129,-49,0.057052063,0.074167682
JerusalemMarathon,42195,0.543459861,-14,21097,0.275716975,-98,0.22785747,0.296214711
מרתוןטבריהWinner,21097,0.315063771,-35,15000,0.31758794,-20,0.136312667,0.177206467
מרתוןסמסונגתל-אביב,10000,0.313924051,-13,15000,0.443731118,-8,0.16000958,0.208012454
JerusalemMarathon,42195,0.508236213,-21,42195,0.572889182,-49,-0.02592313,-0.033700069
מרתוןסמסונגתל-אביב,15000,0.394446249,-21,42195,0.556398417,-28,0.096750335,0.125775436
מרתוןטבריהWinner,21097,0.339078479,-35,10000,0.207826748,-16,0.193499893,0.251549861
JerusalemMarathon,42195,0.351650498,-21,42195,0.377836412,-49,0.126777663,0.164810962
JerusalemMarathon,42195,0.495214532,-21,42195,0.461939314,-49,0.053782556,0.069917323
מרתוןסמסונגתל-אביב,21097,0.432976601,-27,42195,0.474010554,-22,-0.063364012,-0.082373216
מרתוןסמסונגתל-אביב,10000,0.253064452,-49,10000,0.274149034,-7,0.222818154,0.2896636
JerusalemMarathon,42195,0.383358292,-21,42195,0.472031662,-49,-0.088158616,-0.114606201
JerusalemMarathon,42195,0.34911127,-14,42195,0.740236298,-98,-0.14681123,-0.190854599
JerusalemMarathon,42195,0.530242854,-21,42195,0.46939314,-49,-0.057645879,-0.074939643
מרתוןסמסונגתל-אביב,42195,0.425192912,-47,42195,0.668198228,-51,-0.16900171,-0.219702223
JerusalemMarathon,15000,0.469283276,-7,42195,0.466556728,-63,-0.014061635,-0.018280126
מרתוןסמסונגתל-אביב,15000,0.270217603,-21,15000,0.276812635,-83,0.109257197,0.142034356
מרתוןסמסונגתל-אביב,21097,0.376766632,-84,15000,0.355922469,-20,0.182389091,0.237105818
מרתוןסמסונגתל-אביב,21097,0.232501224,-77,21097,0.29288751,-7,0.083877676,0.109040979
JerusalemMarathon,42195,0.952576305,-112,15000,0.504235463,-6,-0.19194755,-0.249531815
JerusalemMarathon,21097,0.297490697,-21,15000,0.294900942,-21,0.223016629,0.289921618
JerusalemMarathon,42195,0.356533628,-14,42195,0.428265219,-47,0.070465836,0.091605587
JerusalemMarathon,21097,0.399771014,-21,42195,0.390633245,-49,0.162752777,0.21157861
JerusalemMarathon,42195,0.506217853,-21,42195,0.403825858,-49,0.098233146,0.12770309
JerusalemMarathon,21097,0.308558344,-14,21097,0.281917839,-98,0.198133121,0.257573057
מרתוןסמסונגתל-אביב,21097,0.264736298,-84,10000,0.173442249,-16,0.16296685,0.211856905
מרתוןסמסונגתל-אביב,42195,0.334960422,-49,21097,0.265425715,-35,0.116240293,0.151112381
מרתוןטבריהWinner,21097,0.359875905,-35,10000,0.437131326,-31,0.030190316,0.039247411
JerusalemMarathon,42195,0.401385224,-70,21097,0.424566242,-35,0.028815312,0.037459906
מרתוןסמסונגתל-אביב,21097,0.235274922,-77,21097,0.291508675,-7,0.092946504,0.120830455
JerusalemMarathon,42195,0.3834234,-21,42195,0.366358839,-49,0.103419455,0.134445292
JerusalemMarathon,15000,0.44222361,-14,10000,0.297761423,-63,0.094345368,0.122648978
JerusalemMarathon,42195,0.435314799,-14,42195,0.973416475,-98,-0.128608061,-0.167190479
מרתוןסמסונגתל-אביב,42195,0.355079156,-49,10000,0.22606383,-51,0.168442766,0.218975596
JerusalemMarathon,42195,0.350725594,-70,21097,0.305411927,-35,0.119374873,0.155187335
מרתוןטבריהWinner,21097,0.215787659,-35,15000,0.184350323,-20,0.126448159,0.164382607
מרתוןסמסונגתל-אביב,21097,0.332988625,-84,21097,0.3168477,-28,0.084809033,0.110251743
JerusalemMarathon,42195,0.325542027,-21,42195,0.255145119,-49,0.104194375,0.135452688
מרתוןסמסונגתל-אביב,42195,0.359498681,-49,21097,0.236929794,-35,0.053892019,0.070059625
JerusalemMarathon,42195,0.350283222,-14,42195,0.574335412,-98,-0.090082585,-0.117107361
DesertMarathon,15000,0.212921752,-6,10000,0.189072475,-11,0.654762651,0.851191446
מרתוןסמסונגתל-אביב,42195,0.380738786,-49,21097,0.265310812,-35,0.161446846,0.2098809
JerusalemMarathon,21097,0.440606812,-21,42195,0.412796834,-49,0.072504274,0.094255556
JerusalemMarathon,42195,0.277036265,-14,42195,0.742861831,-98,-0.179591905,-0.233469477
מרתוןסמסונגתל-אביב,21097,0.317476732,-84,21097,0.312456667,-28,0.134151081,0.174396405
מרתוןטבריהWinner,21097,0.297943238,-35,15000,0.27609476,-20,0.158825328,0.206472926
מרתוןסמסונגתל-אביב,15000,0.245209484,-21,42195,0.459630607,-28,0.056460741,0.073398963
מרתוןטבריהWinner,21097,0.322187751,-35,10000,0.179711246,-16,0.182757625,0.237584913
JerusalemMarathon,21097,0.241675413,-21,42195,0.391490765,-49,0.142229232,0.184898002
מרתוןסמסונגתל-אביב,15000,0.175017947,-104,21097,0.182574532,-8,0.163283323,0.21226832
מרתוןסמסונגתל-אביב,42195,0.227242744,-49,21097,0.185912904,-35,0.021496921,0.027945997
מרתוןטבריהWinner,21097,0.190164311,-35,10000,0.128039514,-16,0.05237566,0.068088358
מרתוןסמסונגתל-אביב,21097,0.206365621,-84,21097,0.180032355,-28,0.037480093,0.048724121
מרתוןסמסונגתל-אביב,21097,0.136964265,-84,15000,0.11873654,-20,0.067865464,0.088225103
מרתוןסמסונגתל-אביב,42195,0.265237467,-49,21097,0.177180283,-35,0.028026101,0.036433931
מרתוןסמסונגתל-אביב,21097,0.12489946,-84,15000,0.106963388,-20,0.129331939,0.168131521
מרתוןסמסונגתל-אביב,21097,0.169481788,-84,10000,0.178291936,-28,0.01427643,0.018559359
JerusalemMarathon,21097,0.216486976,-21,42195,0.260224274,-49,0.132492263,0.172239942
JerusalemMarathon,42195,0.234325151,-21,42195,0.25237467,-49,0.007777431,0.01011066
JerusalemMarathon,42195,0.14701478,-14,21097,0.123520625,-84,0.033631107,0.043720439
מרתוןטבריהWinner,21097,0.211651155,-35,5000,0.103087649,-30,0.080031653,0.104041149
מרתוןסמסונגתל-אביב,42195,0.199199771,-47,15000,0.301363963,-57,-0.112903131,-0.14677407
מרתוןסמסונגתל-אביב,21097,0.175341836,-84,15000,0.218377602,-20,0.004846121,0.006299957
מרתוןטבריהWinner,21097,0.163277031,-35,5000,0.051222352,-31,0.10528329,0.136868277
מרתוןטבריהWinner,10000,0.469794833,-51,15000,0.484134961,-4,-0.126437192,-0.16436835
מרתוןטבריהWinner,21097,0.180742273,-35,15000,0.153768844,-20,0.079578215,0.10345168
JerusalemMarathon,42195,0.294550426,-21,10000,0.01183432,-27,0.13362884,0.173717492
מרתוןטבריהWinner,21097,0.137768586,-35,10000,0.075987842,-16,0.098332868,0.127832728
JerusalemMarathon,42195,0.242463702,-21,42195,0.22671504,-49,0.04530901,0.058901713
מרתוןטבריהWinner,10000,0.189019757,-51,15000,0.165541996,-4,0.025951314,0.033736708
מרתוןסמסונגתל-אביב,21097,0.158795818,-84,15000,0.146590093,-20,0.038074673,0.049497075
מרתוןטבריהWinner,21097,0.175456739,-35,15000,0.149892319,-20,0.084620986,0.110007282
מרתוןסמסונגתל-אביב,42195,0.161807388,-49,15000,0.130796841,-55,0.008720999,0.011337299
JerusalemMarathon,21097,0.18614636,-21,42195,0.222361478,-49,0.046936935,0.061018016
מרתוןטבריהWinner,5000,0.083269672,-7,21097,0.178214409,-28,0.091619437,0.119105268
מרתוןסמסונגתל-אביב,42195,0.185158311,-49,21097,0.146731012,-35,0.001318832,0.001714482
JerusalemMarathon,42195,0.214271762,-14,42195,0.402855267,-98,-0.065733428,-0.085453456
מרתוןטבריהWinner,21097,0.129150868,-35,10000,0.140639553,-31,0.035025634,0.045533324
מרתוןטבריהWinner,21097,0.12133747,-35,10000,0.194908815,-16,0.01219348,0.015851524
מרתוןטבריהWinner,21097,0.164081351,-35,21097,0.214884111,-28,0.015794314,0.020532608
מרתוןטבריהWinner,21097,0.142594508,-35,15000,0.11988514,-20,0.036108461,0.046940999
JerusalemMarathon,21097,0.170515914,-98,15000,0.135534817,-20,0.102791734,0.133629254
מרתוןסמסונגתל-אביב,21097,0.136734459,-84,15000,0.117731515,-20,0.024339381,0.031641195
מרתוןסמסונגתל-אביב,42195,0.168469657,-49,21097,0.126048489,-35,0.022348323,0.02905282
מרתוןסמסונגתל-אביב,21097,0.142019993,-84,15000,0.120890165,-20,0.038542968,0.050105858
מרתוןטבריהWinner,21097,0.085832472,-35,15000,0.066475233,-20,0.029387045,0.038203159
מרתוןטבריהWinner,21097,0.134206595,-35,15000,0.11643934,-20,0.034571492,0.04494294
מרתוןסמסונגתל-אביב,42195,0.244063325,-49,21097,0.140181547,-35,-0.005065987,-0.006585783
מרתוןטבריהWinner,21097,0.170515914,-35,15000,0.08040201,-20,0.079818083,0.103763508
JerusalemMarathon,21097,0.351493178,-14,21097,0.008858377,-98,-0.007150886,-0.009296152
מרתוןטבריהWinner,21097,0.11501781,-35,15000,0.096913137,-20,0.027411835,0.035635386
מרתוןטבריהWinner,21097,0.121682179,-35,15000,0.100933238,-20,0.051027384,0.066335599
מרתוןטבריהWinner,42195,0.056577697,-49,15000,0.080534083,-56,0.077156511,0.100303464
מרתוןסמסונגתל-אביב,15000,0.094673595,-21,42195,0.145844327,-28,0.00748373,0.009728849
מרתוןטבריהWinner,21097,0.148799265,-35,10000,0.189587074,-21,0.041097068,0.053426188
מרתוןטבריהWinner,21097,0.108008733,-35,21097,0.127338732,-28,0.01491202,0.019385626
מרתוןטבריהWinner,21097,0.104561645,-35,15000,0.08126346,-20,0.027074255,0.035196532
מרתוןטבריהWinner,10000,0.212386018,-51,15000,0.114285714,-4,0.062125875,0.080763638
JerusalemMarathon,42195,0.740998763,-14,42195,0.69998571,-47,0.139153326,0.180899324
JerusalemMarathon,42195,0.503222866,-21,21097,0.353786051,-84,0.161714659,0.210229057
JerusalemMarathon,21097,0.416944948,-14,21097,0.521618535,-91,0.221600293,0.288080381
המרתוןהמדבריאילת,15000,0.345585068,-6,15000,0.243016037,-36,0.375130215,0.48766928
מרתוןסמסונגתל-אביב,15000,0.394259819,-21,42195,0.590765172,-28,-0.017676894,-0.022979962
JerusalemMarathon,42195,0.686568136,-14,21097,0.480868666,-84,0.098708547,0.128321111
מרתוןסמסונגתל-אביב,15000,0.481495468,-21,42195,0.592282322,-28,0.050584248,0.065759522
JerusalemMarathon,42195,0.343967706,-21,10000,0.155199684,-49,0.215706873,0.280418935
מרתוןסמסונגתל-אביב,21097,0.356543721,-84,10000,0.232902736,-16,0.259023761,0.336730889
מרתוןטבריהWinner,21097,0.228541882,-35,10000,0.294452888,-16,0.101233486,0.131603532
JerusalemMarathon,42195,0.54306921,-21,15000,0.348489769,-21,0.165589199,0.215265959
JerusalemMarathon,42195,0.619246045,-14,21097,0.444247592,-98,0.180374394,0.234486712
JerusalemMarathon,21097,0.390325175,-98,15000,0.359224695,-20,0.365281883,0.474866448
מרתוןטבריהWinner,15000,0.398603207,-91,15000,0.471117358,-14,0.208345522,0.270849179
מרתוןטבריהWinner,21097,0.498613151,-28,10000,0.2931231,-23,0.332495991,0.432244788
מרתוןסמסונגתל-אביב,21097,0.348040905,-84,15000,0.31902369,-20,0.136094631,0.17692302
מרתוןסמסונגתל-אביב,10000,0.860472248,-56,21097,0.399977019,-28,0.038503799,0.050054939
JerusalemMarathon,42195,0.705905332,-21,42195,0.767875989,-49,0.024303369,0.03159438
DesertMarathon,10000,0.229030213,-14,10000,0.292535051,-24,0.57889574,0.752564462
מרתוןסמסונגתל-אביב,15000,0.305618707,-21,21097,0.350683672,-63,0.121617675,0.158102978
מרתוןסמסונגתל-אביב,42195,0.649472296,-49,21097,0.385039642,-35,0.10550593,0.137157709
מרתוןסמסונגתל-אביב,42195,0.775527704,-49,21097,0.811225915,-63,-0.014159413,-0.018407237
JerusalemMarathon,10000,0.284697509,-70,42195,0.79727045,-49,0.068098269,0.08852775
מרתוןסמסונגתל-אביב,15000,0.385929648,-104,10000,0.331768682,-11,0.283575472,0.368648114
JerusalemMarathon,42195,0.606094147,-14,15000,0.433883704,-104,0.203090079,0.264017103
מרתוןסמסונגתל-אביב,15000,0.472792534,-104,10000,0.558580548,-11,0.089300763,0.116090992
מרתוןסמסונגתל-אביב,42195,0.77974934,-49,10000,0.44699848,-51,0.172159002,0.223806703
מרתוןסמסונגתל-אביב,42195,0.828034301,-49,21097,0.671032977,-35,0.067641958,0.087934545
מרתוןסמסונגתל-אביב,21097,0.347926003,-84,15000,0.28011486,-20,0.15918746,0.206943698
מרתוןסמסונגתל-אביב,21097,0.137079168,-84,15000,0.11902369,-20,0.068055088,0.088471614
מרתוןסמסונגתל-אביב,15000,0.661416044,-21,10000,0.77215578,-35,0.153713469,0.19982751
מרתוןסמסונגתל-אביב,42195,0.780540897,-49,21097,0.621624727,-35,0.08770552,0.114017176
מרתוןסמסונגתל-אביב,21097,0.396070321,-84,15000,0.55793252,-20,0.244009062,0.317211781
JerusalemMarathon,15000,0.555590256,-14,21097,0.421463863,-91,0.195880689,0.254644896
JerusalemMarathon,42195,0.630119148,-14,21097,0.342640469,-84,0.366298763,0.476188392
JerusalemMarathon,42195,0.512793802,-21,42195,0.656398417,-49,0.020738918,0.026960593
מרתוןטבריהWinner,42195,0.242290749,-49,10000,0.218639149,-14,0.063202597,0.082163376
מרתוןסמסונגתל-אביב,42195,0.458509235,-49,21097,0.24979892,-35,0.096005438,0.124807069
JerusalemMarathon,42195,0.553095905,-14,15000,0.277099785,-104,0.134956268,0.175443148
מרתוןטבריהWinner,21097,0.072159026,-35,21097,0.016652702,-14,0.045501788,0.059152324
מרתוןסמסונגתל-אביב,21097,0.099046306,-84,15000,0.091888011,-20,0.069061782,0.089780317
מרתוןטבריהWinner,10000,0.074210365,-7,15000,0.097774587,-48,0.072780611,0.094614794
JerusalemMarathon,10000,0.082194346,-21,15000,0.122117571,-21,0.063102854,0.08203371
מרתוןסמסונגתל-אביב,42195,0.151319261,-49,10000,0.24506079,-51,0.222670707,0.289471919
מרתוןטבריהWinner,15000,0.162670495,-55,10000,0.109230149,-29,0.090962607,0.118251389
מרתוןסמסונגתל-אביב,21097,0.19131334,-84,10000,0.221670289,-31,0.03792514,0.049302682
מרתוןטבריהWinner,15000,0.203876525,-55,10000,0.156342767,-50,0.268373204,0.348885165
JerusalemMarathon,42195,0.217462074,-21,21097,0.221992416,-84,0.042705273,0.055516855
מרתוןטבריהWinner,21097,0.200965184,-35,15000,0.177458722,-20,0.098123139,0.127560081
JerusalemMarathon,21097,0.19387463,-21,10000,0.163701068,-49,0.113940001,0.148122001
מרתוןטבריהWinner,10000,0.214044772,-7,21097,0.225554407,-28,0.072086955,0.093713042
JerusalemMarathon,21097,0.418280698,-21,10000,0.501383946,-49,0.093549704,0.121614615
מרתוןטבריהWinner,21097,0.604159485,-35,15000,0.652117732,-20,0.262758489,0.341586036
מרתוןסמסונגתל-אביב,21097,0.106514995,-84,15000,0.085714286,-20,0.094718096,0.123133525
מרתוןסמסונגתל-אביב,21097,0.482247501,-84,15000,0.423833453,-20,0.090224059,0.117291277
InternationalTiberiasWinnerMarathon,21097,0.320579111,-37,10000,0.242020278,-31,0.169043261,0.219756239
JerusalemMarathon,15000,0.53534861,-7,10000,0.258402531,-63,0.079529637,0.103388528
מרתוןטבריהWinner,21097,0.42491095,-35,10000,0.299202128,-16,-0.111330945,-0.144730229
מרתוןטבריהWinner,21097,0.211191543,-35,15000,0.185355348,-20,0.080222597,0.104289376
JerusalemMarathon,21097,0.349584963,-21,15000,0.265021111,-21,0.140712206,0.182925868
מרתוןטבריהWinner,21097,0.254854648,-35,21097,0.255319149,-56,0.210942125,0.274224763
מרתוןסמסונגתל-אביב,21097,0.394231874,-84,15000,0.156066045,-20,-0.012371435,-0.016082866
מרתוןטבריהWinner,21097,0.064690337,-35,15000,0.037042355,-20,0.035083522,0.045608579
המרתוןהמדבריאילת,10000,0.504129264,-7,10000,0.477491462,-10,0.185185145,0.240740689
JerusalemMarathon,42195,0.212253402,-14,42195,0.614867082,-98,-0.155916844,-0.202691897
JerusalemMarathon,42195,0.281268312,-14,21097,0.237619212,-84,0.072333836,0.094033987
JerusalemMarathon,42195,0.302949411,-21,42195,0.356396303,-98,0.0514005,0.06682065
מרתוןסמסונגתל-אביב,42195,0.445844327,-49,21097,0.273698725,-35,0.014211155,0.018474502
מרתוןסמסונגתל-אביב,21097,0.322187751,-84,10000,0.220991363,-31,0.23241461,0.302138993
מרתוןסמסונגתל-אביב,21097,0.335777126,-98,15000,0.381478823,-6,0.125257695,0.162835004
מרתוןסמסונגתל-אביב,21097,0.359132803,-98,10000,0.302431611,-2,0.121200344,0.157560447
מרתוןסמסונגתל-אביב,21097,0.319627998,-91,10000,0.220991363,-24,0.132971783,0.172863318
JerusalemMarathon,10000,0.403295263,-21,42195,0.459894459,-49,0.077836704,0.101187715
מרתוןטבריהWinner,15000,0.615649677,-55,15000,0.239265391,-36,0.006645369,0.00863898
מרתוןטבריהWinner,21097,0.269102608,-35,10000,0.382408815,-16,0.077872257,0.101233934
מרתוןטבריהWinner,21097,0.317591635,-35,10000,0.283244681,-16,0.155980259,0.202774337
מרתוןסמסונגתל-אביב,5000,0.318342597,-13,15000,0.308723565,-8,0.093264236,0.121243507
JerusalemMarathon,21097,0.271729797,-21,15000,0.301170695,-21,0.165312218,0.214905883
מרתוןסמסונגתל-אביב,15000,0.272815849,-21,42195,0.459564644,-28,0.067952601,0.088338381
מרתוןטבריהWinner,21097,0.229576008,-35,15000,0.116295765,-20,0.114531132,0.148890472
JerusalemMarathon,10000,0.103038936,-6,21097,0.134338326,-15,0.147300571,0.191490742
מרתוןטבריהWinner,10000,0.083409997,-7,15000,0.120603015,-48,0.080117505,0.104152757
מרתוןסמסונגתל-אביב,15000,0.578759337,-21,21097,0.351602896,-63,-0.10161578,-0.132100514
מרתוןסמסונגתל-אביב,15000,0.306105879,-21,10000,0.124430091,-79,0.136317405,0.177212627
מרתוןסמסונגתל-אביב,21097,0.350798575,-84,15000,0.293180187,-20,0.143731044,0.186850357
מרתוןסמסונגתל-אביב,15000,0.20028715,-104,10000,0.194517462,-11,0.123777459,0.160910697
מרתוןסמסונגתל-אביב,21097,0.16005975,-84,15000,0.144723618,-20,0.150101968,0.195132558
מרתוןטבריהWinner,21097,0.075376307,-35,15000,0.064034458,-20,0.026666649,0.034666644
מרתוןסמסונגתל-אביב,10000,0.151885099,-105,10000,0.12108041,-10,0.019061226,0.024779594
מרתוןסמסונגתל-אביב,15000,0.271069634,-104,10000,0.183627488,-11,0.157116574,0.204251546
מרתוןסמסונגתל-אביב,21097,0.244858095,-84,15000,0.244221106,-20,0.090378038,0.117491449
מרתוןטבריהWinner,21097,0.289670229,-35,10000,0.199278116,-16,0.183230313,0.238199407
מרתוןסמסונגתל-אביב,21097,0.298058141,-84,15000,0.261737258,-20,0.125337017,0.162938122
מרתוןטבריהWinner,21097,0.27588188,-35,15000,0.241349605,-20,0.142241777,0.18491431
מרתוןסמסונגתל-אביב,10000,0.237841945,-100,5000,0.225099602,-14,0.246880682,0.320944887
מרתוןסמסונגתל-אביב,21097,0.491554636,-84,15000,0.451256281,-20,0.122448308,0.1591828
מרתוןסמסונגתל-אביב,15000,0.430659305,-21,10000,0.26443769,-79,0.159515765,0.207370495
מרתוןסמסונגתל-אביב,21097,0.393427554,-84,10000,0.447758359,-16,0.048903756,0.063574883
מרתוןטבריהWinner,21097,0.376192118,-35,10000,0.214665653,-16,0.363871906,0.473033478
מרתוןסמסונגתל-אביב,42195,0.49591029,-49,21097,0.384694933,-35,0.108626355,0.141214262
מרתוןסמסונגתל-אביב,21097,0.414914397,-84,15000,0.372433597,-20,0.13604799,0.176862387
מרתוןסמסונגתל-אביב,21097,0.429966678,-84,15000,0.424407753,-20,0.174088909,0.226315582
מרתוןסמסונגתל-אביב,21097,0.386418476,-84,10000,0.259308511,-16,0.233683157,0.303788104
InternationalTiberiasWinnerMarathon,21097,0.439388717,-37,15000,0.40086145,-20,0.190477946,0.24762133
מרתוןטבריהWinner,15000,0.350897344,-55,21097,0.480731639,-8,0.168882078,0.219546701
מרתוןטבריהWinner,21097,0.427553717,-35,10000,0.501707544,-31,0.188667522,0.245267779
מרתוןטבריהWinner,21097,0.430656096,-35,10000,0.382598784,-16,0.117844856,0.153198313
מרתוןסמסונגתל-אביב,21097,0.445018959,-84,10000,0.361892097,-16,0.111551959,0.145017547
מרתוןסמסונגתל-אביב,21097,0.490618372,-91,10000,0.300600826,-24,0.176302635,0.229193426
מרתוןטבריהWinner,21097,0.428587843,-35,15000,0.403302225,-20,0.32897581,0.427668553
מרתוןסמסונגתל-אביב,42195,0.081068602,-49,10000,0.025835866,-51,0.082884767,0.107750197
מרתוןסמסונגתל-אביב,15000,0.138519,-21,42195,0.240963061,-28,0.043542387,0.056605103
מרתוןסמסונגתל-אביב,5000,0.116099773,-21,10000,0.177431611,-79,0.303589149,0.394665894
מרתוןסמסונגתל-אביב,21097,0.279903482,-84,10000,0.164133739,-16,0.271372887,0.352784753
מרתוןסמסונגתל-אביב,15000,0.27720039,-21,21097,0.307365276,-63,0.052466174,0.068206026
מרתוןטבריהWinner,21097,0.604389291,-35,10000,0.549962006,-16,0.121571053,0.158042369
JerusalemMarathon,10000,0.030518629,-21,10000,0,-22,0.11582992,0.150578896
JerusalemMarathon,21097,0.157618548,-21,10000,0.029165671,-22,0.091619005,0.119104707
מרתוןסמסונגתל-אביב,42195,0.270514512,-49,21097,0.208663679,-35,0.009580772,0.012455004
מרתוןסמסונגתל-אביב,15000,0.216628776,-21,10000,0.257336343,-91,0.156532643,0.203492436
מרתוןסמסונגתל-אביב,10000,0.118541033,-100,15000,0.19684135,-4,0.116350087,0.151255113
מרתוןסמסונגתל-אביב,5000,0.31894576,-56,21097,0.574361123,-42,0.142186978,0.184843071
מרתוןסמסונגתל-אביב,21097,0.312076296,-84,15000,0.271931084,-20,0.056456496,0.073393445
מרתוןטבריהWinner,21097,0.361369643,-35,21097,0.373499023,-28,0.142196274,0.184855156
JerusalemMarathon,21097,0.324968992,-21,42195,0.482783641,-49,0.03283375,0.042683875
JerusalemMarathon,21097,0.256464078,-21,21097,0.290244743,-84,0.248652576,0.323248349
מרתוןסמסונגתל-אביב,21097,0.374583477,-84,10000,0.349164134,-16,0.093494383,0.121542698
InternationalTiberiasWinnerMarathon,21097,0.609559922,-37,5000,0.618508395,-20,0.309015284,0.401719869
מרתוןסמסונגתל-אביב,10000,0.346504559,-100,15000,0.492749462,-4,0.355814099,0.462558329
מרתוןסמסונגתל-אביב,21097,0.179363438,-84,10000,0.486892097,-16,-0.142099706,-0.184729618
מרתוןטבריהWinner,21097,0.156382856,-35,15000,0.132376167,-20,0.04401099,0.057214287
מרתוןסמסונגתל-אביב,21097,0.157531886,-84,15000,0.308255564,-20,-0.030601909,-0.039782482
מרתוןסמסונגתל-אביב,21097,0.317246926,-84,15000,0.264752333,-20,0.078685897,0.102291666
מרתוןסמסונגתל-אביב,15000,0.379831114,-21,21097,0.282431346,-63,0.094417309,0.122742502
מרתוןסמסונגתל-אביב,15000,0.28986684,-21,10000,0.198898176,-79,0.187090895,0.243218164
מרתוןסמסונגתל-אביב,42195,0.47974934,-49,21097,0.309778237,-35,0.053572691,0.069644498
JerusalemMarathon,21097,0.352065643,-21,21097,0.302366988,-98,0.179420712,0.233246926
מרתוןטבריהWinner,10000,0.217515198,-51,15000,0.284709261,-4,0.239586979,0.311463073
המרתוןהמדבריאילת,15000,0.611342426,-6,10000,0.327538032,-11,0.040881962,0.053146551
מרתוןסמסונגתל-אביב,10000,0.310220365,-100,15000,0.367839196,-4,0.193361651,0.251370146
מרתוןסמסונגתל-אביב,21097,0.641050742,-91,15000,0.52246949,-13,0.15298824,0.198884712
מרתוןסמסונגתל-אביב,21097,0.312535907,-84,15000,0.248097631,-20,0.053298701,0.069288311
JerusalemMarathon,10000,0.505025126,-6,10000,0.366410784,-15,0.225634855,0.293325312
המרתוןהמדבריאילת,10000,0.463195691,-7,10000,0.408568767,-10,0.486291045,0.632178359
מרתוןסמסונגתל-אביב,42195,0.183773087,-49,21097,0.147880041,-35,0.024745739,0.032169461
JerusalemMarathon,21097,0.14636008,-14,21097,0.139836838,-84,0.046363121,0.060272057
מרתוןסמסונגתל-אביב,10000,0.092724397,-49,21097,0.159829944,-35,0.078553873,0.102120035
מרתוןסמסונגתל-אביב,21097,0.170630817,-84,15000,0.156353195,-20,0.078385721,0.101901437
מרתוןטבריהWinner,21097,0.190968632,-35,15000,0.143041904,-56,0.053509244,0.069562017
מרתוןטבריהWinner,15000,0.124192391,-55,21097,0.036266925,-36,0.166604116,0.216585351
מרתוןסמסונגתל-אביב,42195,0.451755825,-98,15000,0.189088299,-6,-0.048334035,-0.062834246
מרתוןטבריהWinner,21097,0.165689992,-35,10000,0.440159574,-16,-0.049428741,-0.064257363
מרתוןסמסונגתל-אביב,15000,0.189806174,-104,10000,0.155088246,-11,0.123405385,0.160427001
מרתוןטבריהWinner,21097,0.177524991,-35,10000,0.440159574,-16,-0.080939908,-0.10522188
JerusalemMarathon,42195,0.231199948,-21,42195,0.301121372,-49,-0.008428046,-0.01095646
מרתוןסמסונגתל-אביב,21097,0.195627345,-91,10000,0.19470522,-24,0.125557723,0.16322504
JerusalemMarathon,42195,0.439742171,-14,15000,0.305096913,-104,0.087131324,0.113270721
JerusalemMarathon,10000,0.233855651,-6,21097,0.20665967,-15,0.123661044,0.160759357
JerusalemMarathon,42195,0.315710658,-21,42195,0.339050132,-49,0.0273989,0.03561857
JerusalemMarathon,42195,0.262256657,-21,21097,0.234861542,-84,0.112571418,0.146342843
מרתוןטבריהWinner,21097,0.220613582,-35,10000,0.412044073,-16,-0.052674474,-0.068476816
מרתוןטבריהWinner,42195,0.321499525,-49,15000,0.255276382,-6,0.047561915,0.06183049
מרתוןסמסונגתל-אביב,21097,0.262668046,-84,15000,0.344580043,-20,0.037413784,0.048637919
JerusalemMarathon,42195,0.21518328,-14,21097,0.22646435,-91,0.179203241,0.232964213
מרתוןסמסונגתל-אביב,15000,0.175735822,-104,10000,0.146451371,-11,0.066525389,0.086483006
JerusalemMarathon,42195,0.495800508,-14,21097,0.438239687,-84,0.101026439,0.131334371
JerusalemMarathon,21097,0.268104189,-14,15000,0.308542714,-104,0.233186289,0.303142176
מרתוןסמסונגתל-אביב,21097,0.185185185,-91,15000,0.228571429,-13,0.169057626,0.219774914
JerusalemMarathon,10000,0.296796482,-6,42195,0.390064457,-15,0.123574929,0.160647408
JerusalemMarathon,10000,0.156695157,-6,42195,0.345009441,-15,0.103355386,0.134362002
מרתוןסמסונגתל-אביב,10000,0.147606383,-100,15000,0.228427854,-4,0.123656819,0.160753865
JerusalemMarathon,42195,0.4740543,-21,42195,0.420382586,-49,0.119818712,0.155764326
מרתוןסמסונגתל-אביב,42195,0.47091029,-49,21097,0.2934646,-49,0.090304254,0.11739553
מרתוןסמסונגתל-אביב,21097,0.29664489,-98,10000,0.317499061,-17,0.133907255,0.174079432
JerusalemMarathon,42195,0.417540204,-21,42195,0.592122311,-98,-0.049004011,-0.063705214
מרתוןסמסונגתל-אביב,42195,0.451583113,-49,21097,0.20831897,-35,0.105624191,0.137311448
מרתוןסמסונגתל-אביב,10000,0.220554711,-100,15000,0.290595836,-4,0.098419127,0.127944865
JerusalemMarathon,42195,0.348460186,-21,42195,0.399670185,-49,0.023584862,0.030660321
מרתוןסמסונגתל-אביב,42195,0.529436982,-47,10000,0.265302291,-68,0.073689677,0.09579658
מרתוןסמסונגתל-אביב,42195,0.466094987,-49,10000,0.203837386,-51,0.113500511,0.147550664
JerusalemMarathon,21097,0.225264765,-14,21097,0.125235301,-98,0.213481028,0.277525336
JerusalemMarathon,21097,0.268183385,-98,15000,0.286145011,-20,0.220333096,0.286433025
מרתוןטבריהWinner,21097,0.464552453,-35,21097,0.3205907,-14,0.197533964,0.256794153
JerusalemMarathon,42195,0.526857217,-21,42195,0.561873351,-49,0.176689019,0.229695725
JerusalemMarathon,21097,0.373342238,-14,21097,0.366958255,-98,0.295772372,0.384504084
מרתוןסמסונגתל-אביב,21097,0.381362748,-84,15000,0.312132089,-20,0.078866228,0.102526096
מרתוןסמסונגתל-אביב,21097,0.356084109,-84,15000,0.275089734,-20,0.247926328,0.322304226
מרתוןסמסונגתל-אביב,10000,0.260638298,-100,15000,0.332663317,-4,0.266081141,0.345905483
מרתוןסמסונגתל-אביב,21097,0.545673906,-84,15000,0.349605169,-20,0.128830285,0.167479371
JerusalemMarathon,10000,0.410018993,-6,42195,0.487466632,-15,0.258846898,0.336500967
מרתוןסמסונגתל-אביב,21097,0.495116626,-84,15000,0.444221106,-20,0.181480297,0.235924386
JerusalemMarathon,42195,0.792825054,-21,42195,0.851781003,-49,0.016312405,0.021206127
מרתוןסמסונגתל-אביב,21097,0.461739272,-91,21097,0.660157153,-21,0.175037203,0.227548364
מרתוןטבריהWinner,21097,0.39365736,-35,10000,0.299582067,-16,0.296256276,0.385133159
מרתוןסמסונגתל-אביב,21097,0.411926922,-84,15000,0.507681263,-20,0.040163353,0.052212359
מרתוןסמסונגתל-אביב,42195,0.667049557,-98,15000,0.226992103,-6,-0.097063151,-0.126182096
JerusalemMarathon,21097,0.378971472,-21,21097,0.33517178,-84,0.365888044,0.475654457
מרתוןסמסונגתל-אביב,42195,0.488353815,-47,10000,0.230942546,-68,0.070653271,0.091849252
JerusalemMarathon,21097,0.307890468,-14,21097,0.372515225,-84,0.23853092,0.310090196
מרתוןסמסונגתל-אביב,15000,0.379038047,-104,10000,0.28895982,-11,0.13829744,0.179786672
מרתוןסמסונגתל-אביב,21097,0.348040905,-84,10000,0.233852584,-16,0.199905525,0.259877183
מרתוןסמסונגתל-אביב,15000,0.392390524,-104,10000,0.315245963,-11,0.065024129,0.084531368
מרתוןסמסונגתל-אביב,21097,0.455702398,-77,21097,0.474663909,-7,0.086675691,0.112678398
מרתוןסמסונגתל-אביב,21097,0.355854303,-84,10000,0.364361702,-16,0.070518991,0.091674688
מרתוןסמסונגתל-אביב,21097,0.477766287,-84,10000,0.40964136,-14,0.133482191,0.173526848
מרתוןסמסונגתל-אביב,42195,0.317941953,-49,21097,0.220498679,-35,-0.012042114,-0.015654748
מרתוןסמסונגתל-אביב,42195,0.269327177,-49,21097,0.156612662,-35,-0.00716225,-0.009310925
מרתוןסמסונגתל-אביב,15000,0.140630075,-21,21097,0.105595772,-63,0.010489525,0.013636383
מרתוןטבריהWinner,21097,0.146271401,-35,15000,0.124479541,-20,0.076563843,0.099532996
JerusalemMarathon,42195,0.187642425,-14,21097,0.156727565,-84,0.093169442,0.121120275
מרתוןסמסונגתל-אביב,21097,0.146731012,-84,21097,0.143055235,-28,0.000428838,0.000557489
InternationalTiberiasWinnerMarathon,15000,0.168269921,-57,10000,0.206532834,-8,0.129046179,0.167760033
מרתוןסמסונגתל-אביב,21097,0.194823203,-112,10000,0.133308299,-3,0.18296205,0.237850665
מרתוןטבריהWinner,21097,0.17155004,-35,15000,0.151328069,-20,0.056239046,0.07311076
מרתוןסמסונגתל-אביב,5000,0.012018235,-77,10000,0.291413374,-23,0.109173577,0.14192565
DesertMarathon,15000,0.07810481,-6,10000,0.040143672,-8,-0.018100283,-0.023530368
מרתוןטבריהWinner,21097,0.196024359,-35,10000,0.144072828,-70,0.051653253,0.067149229
JerusalemMarathon,42195,0.359658832,-14,42195,0.414332666,-47,0.110501545,0.143652009
JerusalemMarathon,21097,0.224978533,-14,21097,0.2186251,-47,0.115251755,0.149827282
מרתוןסמסונגתל-אביב,21097,0.185348344,-77,10000,0.159574468,-23,0.166948712,0.217033326
מרתוןסמסונגתל-אביב,15000,0.257713543,-21,10000,0.158758403,-28,0.062419669,0.08114557
מרתוןסמסונגתל-אביב,10000,0.144761547,-115,10000,0.106615475,-3,0.153496331,0.19954523
JerusalemMarathon,42195,0.394296504,-21,42195,0.408509235,-49,0.104217963,0.135483352
JerusalemMarathon,42195,0.378279836,-21,15000,0.188210458,-21,0.301194358,0.391552665
מרתוןטבריהWinner,10000,0.139527752,-7,15000,0.173438622,-48,0.075245045,0.097818559
מרתוןטבריהWinner,10000,0.12266176,-7,15000,0.162096195,-48,0.073979861,0.096173819
מרתוןטבריהWinner,21097,0.296565205,-63,10000,0.316446664,-14,0.064338392,0.08363991
JerusalemMarathon,21097,0.189104093,-14,21097,0.189148681,-47,0.098075994,0.127498792
מרתוןסמסונגתל-אביב,21097,0.282431346,-84,10000,0.174772036,-16,0.111785053,0.145320569
מרתוןטבריהWinner,21097,0.213949213,-35,15000,0.188226849,-20,0.106497721,0.138447037
מרתוןטבריהWinner,21097,0.25772722,-35,15000,0.236755205,-20,0.09418359,0.122438667
מרתוןטבריהWinner,21097,0.174422613,-35,15000,0.175017947,-20,0.052192649,0.067850444
מרתוןסמסונגתל-אביב,15000,0.195262024,-104,21097,0.216200601,-8,0.059064573,0.076783945
מרתוןסמסונגתל-אביב,15000,0.147020818,-104,21097,0.159348278,-8,0.022347713,0.029052027
מרתוןסמסונגתל-אביב,15000,0.205423839,-21,10000,0.121960486,-79,0.208076833,0.270499883
JerusalemMarathon,42195,0.32908971,-70,21097,0.242904745,-35,0.095330178,0.123929231
מרתוןסמסונגתל-אביב,10000,0.111132219,-100,15000,0.231155779,-4,0.159020725,0.206726943
מרתוןסמסונגתל-אביב,21097,0.28932552,-84,15000,0.261306533,-20,0.096192535,0.125050296
מרתוןסמסונגתל-אביב,15000,0.218090452,-104,10000,0.19677056,-11,0.232441882,0.302174447
מרתוןסמסונגתל-אביב,10000,0.383063711,-77,15000,0.40028715,-27,0.094489033,0.122835743
מרתוןסמסונגתל-אביב,15000,0.535247667,-104,10000,0.584491175,-11,-0.036332733,-0.047232553
מרתוןסמסונגתל-אביב,5000,0.386567747,-104,10000,0.37908374,-11,0.009712833,0.012626683
מרתוןסמסונגתל-אביב,21097,0.308859014,-84,10000,0.185142059,-14,0.209148952,0.271893638
DesertMarathon,15000,0.255132807,-6,10000,0.179378829,-8,0.529380217,0.688194282
מרתוןסמסונגתל-אביב,21097,0.276064611,-91,15000,0.275376884,-13,0.079315388,0.103110004
JerusalemMarathon,21097,0.667700793,-105,21097,0.518642648,-14,0.335186489,0.435742436
מרתוןסמסונגתל-אביב,21097,0.34229576,-84,21097,0.211604473,-14,0.203419699,0.264445609
מרתוןסמסונגתל-אביב,21097,0.494542112,-84,15000,0.453122757,-20,0.149840982,0.194793277
מרתוןסמסונגתל-אביב,21097,0.38814202,-84,15000,0.380473798,-20,0.194701141,0.253111483
מרתוןסמסונגתל-אביב,10000,0.310410334,-100,15000,0.367839196,-4,0.10491456,0.136388928
מרתוןטבריהWinner,21097,0.448695852,-35,15000,0.40086145,-20,0.156553803,0.203519944
מרתוןסמסונגתל-אביב,21097,0.239631336,-98,15000,0.362957645,-6,0.224325667,0.291623367
מרתוןטבריהWinner,21097,0.305871539,-35,10000,0.356193009,-16,0.079126038,0.102863849
מרתוןסמסונגתל-אביב,21097,0.427894615,-112,10000,0.285580173,-3,0.233209868,0.303172828
JerusalemMarathon,42195,0.487401524,-14,21097,0.29058574,-91,0.094096195,0.122325054
מרתוןסמסונגתל-אביב,21097,0.449502366,-91,10000,0.268494179,-24,0.081720524,0.106236681
מרתוןסמסונגתל-אביב,21097,0.401126048,-84,10000,0.253419453,-16,0.25499172,0.331489236
מרתוןסמסונגתל-אביב,21097,0.378949787,-84,21097,0.392650797,-28,0.11592508,0.150702604
מרתוןטבריהWinner,10000,0.344794833,-51,15000,0.474371859,-4,0.086590796,0.112568035
מרתוןסמסונגתל-אביב,21097,0.236240377,-84,15000,0.376022972,-20,0.052420315,0.06814641
JerusalemMarathon,21097,0.255891613,-21,10000,0.191577699,-49,0.240031619,0.312041105
מרתוןטבריהWinner,10000,0.387727964,-51,10000,0.340193944,-54,0.189403162,0.246224111
מרתוןסמסונגתל-אביב,10000,0.263938316,-49,10000,0.266337386,-51,0.251692672,0.327200474
מרתוןסמסונגתל-אביב,15000,0.245800431,-104,10000,0.209725873,-11,0.154618514,0.201004068
מרתוןסמסונגתל-אביב,21097,0.379179593,-84,10000,0.241831307,-16,0.143430353,0.186459459
מרתוןסמסונגתל-אביב,21097,0.379179593,-84,10000,0.241641337,-16,0.143525338,0.186582939
מרתוןטבריהWinner,21097,0.321038722,-35,15000,0.294328787,-20,0.20643234,0.268362042
מרתוןסמסונגתל-אביב,21097,0.393427554,-84,15000,0.343575018,-20,0.22131576,0.287710488
מרתוןסמסונגתל-אביב,21097,0.354055928,-112,21097,0.237635917,-7,0.07357917,0.095652921
JerusalemMarathon,21097,0.38259708,-14,15000,0.414070352,-104,0.244320505,0.317616657
מרתוןסמסונגתל-אביב,21097,0.276270623,-98,15000,0.351471644,-6,0.230304919,0.299396395
מרתוןסמסונגתל-אביב,21097,0.478685511,-84,15000,0.357501795,-20,0.028745334,0.037368934
מרתוןטבריהWinner,21097,0.339078479,-35,10000,0.206109899,-56,0.157353041,0.204558953
מרתוןסמסונגתל-אביב,21097,0.384120418,-84,21097,0.422228428,-28,-0.007119992,-0.00925599
מרתוןסמסונגתל-אביב,21097,0.333170175,-77,15000,0.31988514,-27,0.09622122,0.125087586
מרתוןסמסונגתל-אביב,21097,0.307135471,-84,21097,0.230938416,-14,0.127668571,0.165969142
מרתוןטבריהWinner,15000,0.306532663,-55,21097,0.31904496,-8,0.09822702,0.127695126
מרתוןסמסונגתל-אביב,21097,0.280018384,-84,10000,0.224734043,-16,0.137167377,0.17831759
JerusalemMarathon,21097,0.277072798,-14,21097,0.281917839,-98,0.099698404,0.129607925
InternationalTiberiasWinnerMarathon,21097,0.073635256,-51,15000,0.152907394,-6,0.187957597,0.244344876
מרתוןסמסונגתל-אביב,15000,0.19971285,-104,10000,0.152835148,-11,0.137548515,0.17881307
JerusalemMarathon,42195,0.242007943,-21,42195,0.216636434,-98,0.040668284,0.052868769
מרתוןטבריהWinner,21097,0.376421923,-35,10000,0.24945723,-28,0.404936413,0.526417337
JerusalemMarathon,21097,0.312088541,-14,21097,0.337021585,-59,0.124376214,0.161689078
JerusalemMarathon,21097,0.319244347,-14,21097,0.297204465,0,0.030587823,0.03976417
מרתוןסמסונגתל-אביב,21097,0.318281053,-84,15000,0.275520459,-20,0.071873253,0.093435229
מרתוןטבריהWinner,21097,0.342640469,-35,10000,0.278250544,-70,0.106507,0.1384591
מרתוןסמסונגתל-אביב,21097,0.289900034,-84,10000,0.193768997,-16,0.187946069,0.24432989
מרתוןסמסונגתל-אביב,21097,0.261174308,-84,15000,0.23776023,-20,0.186368398,0.242278917
מרתוןסמסונגתל-אביב,21097,0.244712656,-98,15000,0.338119167,-6,0.146373007,0.190284909
מרתוןסמסונגתל-אביב,10000,0.267097264,-100,15000,0.419526202,-4,0.09630022,0.125190286
מרתוןסמסונגתל-אביב,10000,0.327887538,-100,15000,0.435750179,-4,0.204352116,0.265657751
מרתוןסמסונגתל-אביב,21097,0.211780062,-77,15000,0.297631012,-27,0.054429172,0.070757924
מרתוןסמסונגתל-אביב,10000,0.313069909,-100,15000,0.393251974,-4,0.356390462,0.463307601
מרתוןסמסונגתל-אביב,21097,0.35769275,-84,10000,0.222454407,-16,0.326307696,0.424200005
מרתוןטבריהWinner,21097,0.19958635,-35,15000,0.15764537,-20,0.084708679,0.110121283
JerusalemMarathon,42195,0.496451592,-21,42195,0.554720567,-98,0.029764826,0.038694274
מרתוןטבריהWinner,10000,0.176671733,-51,15000,0.254558507,-4,0.217498337,0.282747838
מרתוןטבריהWinner,10000,0.337765957,-51,15000,0.344867193,-4,0.050635931,0.06582671
מרתוןסמסונגתל-אביב,42195,0.499868074,-49,21097,0.325749741,-35,0.224602382,0.291983097
מרתוןסמסונגתל-אביב,21097,0.431554756,-47,21097,0.397851844,-51,0.256238819,0.333110465
מרתוןסמסונגתל-אביב,21097,0.299896587,-84,15000,0.305814788,-20,0.14964773,0.194542049
מרתוןסמסונגתל-אביב,21097,0.334941974,-84,15000,0.256424982,-20,0.165935117,0.215715652
מרתוןטבריהWinner,10000,0.338905775,-51,15000,0.324766691,-4,0.09494477,0.123428201
מרתוןסמסונגתל-אביב,10000,0.251519757,-100,15000,0.371284996,-4,0.275875441,0.358638073
מרתוןסמסונגתל-אביב,21097,0.303257394,-47,10000,0.288021029,-68,0.148530331,0.19308943
מרתוןסמסונגתל-אביב,21097,0.356773526,-84,10000,0.225493921,-16,0.171591714,0.223069228
מרתוןסמסונגתל-אביב,21097,0.423876824,-84,15000,0.390236899,-20,0.110815396,0.144060015
מרתוןטבריהWinner,15000,0.249533381,-55,21097,0.218568665,-36,0.106978,0.1390714
מרתוןטבריהWinner,21097,0.39250833,-35,10000,0.184460486,-16,0.192716119,0.250530955
מרתוןסמסונגתל-אביב,10000,0.314155793,-49,10000,0.393617021,-51,0.265620071,0.345306092
מרתוןטבריהWinner,21097,0.264161783,-35,15000,0.23948313,-20,0.212689417,0.276496242
JerusalemMarathon,21097,0.252552237,-14,15000,0.227853553,-104,0.128574161,0.167146409
מרתוןסמסונגתל-אביב,10000,0.526135063,-76,15000,0.39684135,-28,0.072140285,0.093782371
מרתוןטבריהWinner,21097,0.2964495,-35,10000,0.179131125,-56,0.236681983,0.307686578
מרתוןטבריהWinner,21097,0.277145812,-35,15000,0.266188083,-20,0.100034899,0.130045369
מרתוןסמסונגתל-אביב,21097,0.592669195,-84,21097,0.504816742,-14,0.064057344,0.083274547
מרתוןסמסונגתל-אביב,15000,0.498700877,-21,21097,0.454397128,-56,0.054865803,0.071325544
מרתוןסמסונגתל-אביב,15000,0.250107681,-104,10000,0.208787082,-11,0.232106105,0.301737937
מרתוןסמסונגתל-אביב,10000,0.514120449,-112,10000,0.333834022,-3,0.198979988,0.258673984
מרתוןטבריהWinner,21097,0.34585775,-35,15000,0.43862168,-20,0.055055799,0.071572539
מרתוןטבריהWinner,10000,0.233852584,-51,15000,0.652986648,-54,0.055986717,0.072782732
מרתוןטבריהWinner,21097,0.526025508,-35,10000,0.57712766,-16,0.169531595,0.220391074
מרתוןסמסונגתל-אביב,10000,0.304072756,-49,10000,0.51424772,-51,0.213666769,0.2777668
מרתוןסמסונגתל-אביב,21097,0.343789498,-84,15000,0.351758794,-20,0.128689165,0.167295915
מרתוןסמסונגתל-אביב,21097,0.331150178,-84,15000,0.351615219,-20,0.12948129,0.168325677
מרתוןסמסונגתל-אביב,21097,0.331538587,-77,15000,0.32390524,-27,0.114233943,0.148504126
מרתוןסמסונגתל-אביב,21097,0.4466276,-84,21097,0.308412295,-28,-0.027236726,-0.035407744
מרתוןסמסונגתל-אביב,21097,0.209382944,-112,10000,0.116410064,-3,0.133542066,0.173604686
מרתוןטבריהWinner,21097,0.147650236,-35,15000,0.137688442,-20,0.033649922,0.043744899
InternationalTiberiasWinnerMarathon,21097,0.208204068,-37,15000,0.16080402,-20,0.207393641,0.269611733
JerusalemMarathon,21097,0.270680279,-14,42195,0.490497285,-47,0.179746716,0.233670731
מרתוןסמסונגתל-אביב,21097,0.259910376,-84,21097,0.294633462,-35,0.093715776,0.121830509
מרתוןסמסונגתל-אביב,21097,0.248809656,-98,10000,0.280567041,-20,0.187098878,0.243228541
מרתוןסמסונגתל-אביב,10000,0.314155793,-49,10000,0.393237082,-51,0.179085645,0.232811339
מרתוןטבריהWinner,15000,0.300358938,-55,10000,0.261852807,-36,0.259659299,0.337557089
מרתוןסמסונגתל-אביב,21097,0.362288866,-84,15000,0.330653266,-20,0.195230868,0.253800128
מרתוןסמסונגתל-אביב,15000,0.287724336,-104,10000,0.262861434,-11,0.17447598,0.226818774
מרתוןסמסונגתל-אביב,21097,0.368263817,-84,15000,0.337257717,-20,0.153847736,0.200002057
מרתוןסמסונגתל-אביב,21097,0.24714871,-98,10000,0.430153962,-17,0.128761907,0.167390479
מרתוןסמסונגתל-אביב,21097,0.402619786,-84,15000,0.337257717,-20,0.202494349,0.263242654
מרתוןסמסונגתל-אביב,21097,0.398368379,-84,15000,0.391098349,-20,0.222429212,0.289157976
מרתוןטבריהWinner,21097,0.380788234,-35,10000,0.229673252,-16,0.374848413,0.487302937
מרתוןסמסונגתל-אביב,21097,0.214372716,-98,15000,0.288585786,-6,0.085586964,0.111263053
מרתוןטבריהWinner,21097,0.375732506,-35,10000,0.249950407,-56,0.135245615,0.1758193
מרתוןסמסונגתל-אביב,21097,0.274609678,-98,15000,0.326920316,-6,0.245103875,0.318635038
JerusalemMarathon,21097,0.189390325,-21,42195,0.493865435,-49,0.031442936,0.040875817
מרתוןסמסונגתל-אביב,21097,0.374468574,-84,10000,0.273939166,-31,0.150696839,0.195905891
מרתוןסמסונגתל-אביב,21097,0.504883374,-84,15000,0.425269203,-20,0.157099635,0.204229526
מרתוןסמסונגתל-אביב,10000,0.2931231,-100,15000,0.342857143,-4,0.266227601,0.346095881
JerusalemMarathon,21097,0.29911268,-14,21097,0.314144548,-84,0.186133832,0.241973982
מרתוןסמסונגתל-אביב,21097,0.414586393,-91,21097,0.407903859,-21,0.165745563,0.215469232
מרתוןסמסונגתל-אביב,21097,0.601403165,-91,10000,0.338715734,-24,0.174123114,0.226360048
מרתוןסמסונגתל-אביב,15000,0.366834171,-104,10000,0.420015021,-11,0.211823142,0.275370085
מרתוןסמסונגתל-אביב,15000,0.378894472,-104,10000,0.28895982,-11,0.138369227,0.179879995
מרתוןסמסונגתל-אביב,21097,0.404688039,-84,15000,0.362957645,-20,0.183987562,0.239183831
מרתוןטבריהWinner,15000,0.232160804,-55,21097,0.286791399,-8,0.093690125,0.121797163
מרתוןטבריהWinner,10000,0.232444036,-7,10000,0.145407657,-84,0.096826133,0.125873973
JerusalemMarathon,10000,0.222804718,-14,21097,0.367229691,-84,0.172515263,0.224269842
מרתוןטבריהWinner,21097,0.302539354,-35,10000,0.268047112,-16,0.111606503,0.145088454
מרתוןסמסונגתל-אביב,15000,0.306105879,-21,15000,0.216798277,-83,0.039869623,0.05183051
מרתוןסמסונגתל-אביב,15000,0.205599426,-104,10000,0.155651521,-11,0.18508844,0.240614972
מרתוןסמסונגתל-אביב,21097,0.228426979,-84,15000,0.230581479,-20,0.137511853,0.178765409
מרתוןטבריהWinner,21097,0.25060324,-35,10000,0.179893133,-70,0.093458937,0.121496618
מרתוןסמסונגתל-אביב,21097,0.22727795,-84,15000,0.192246949,-20,0.202959733,0.263847653
JerusalemMarathon,21097,0.232611392,-14,15000,0.210050251,-104,0.204737901,0.266159271
מרתוןסמסונגתל-אביב,21097,0.42330231,-84,10000,0.29350304,-16,0.14937778,0.194191114
JerusalemMarathon,10000,0.451975286,-21,21097,0.582327933,-84,0.231212951,0.300576836
JerusalemMarathon,42195,0.49899082,-14,21097,0.297368723,-84,0.04926341,0.064042433
מרתוןסמסונגתל-אביב,21097,0.568999196,-84,15000,0.418090452,-20,-0.155176441,-0.201729373
InternationalTiberiasWinnerMarathon,21097,0.404688039,-37,21097,0.356175559,-7,0.262394723,0.34111314
מרתוןסמסונגתל-אביב,21097,0.301390325,-84,15000,0.324623116,-20,0.153364788,0.199374224
מרתוןטבריהWinner,21097,0.254854648,-35,10000,0.34489986,-14,0.026310081,0.034203105
מרתוןטבריהWinner,10000,0.26424772,-51,21097,0.659033789,-12,0.015997768,0.020797098
מרתוןסמסונגתל-אביב,21097,0.493393083,-84,15000,0.407609476,-20,0.130721456,0.169937893
מרתוןסמסונגתל-אביב,5000,0.595110772,-56,10000,0.517667173,-44,0.200691567,0.260899037
מרתוןסמסונגתל-אביב,21097,0.201664219,-91,10000,0.186256102,-24,0.196104297,0.254935586
JerusalemMarathon,21097,0.360417686,-105,15000,0.32103374,-13,0.207975585,0.270368261
מרתוןסמסונגתל-אביב,21097,0.231015188,-47,10000,0.226060834,-68,0.128256051,0.166732866
מרתוןטבריהWinner,21097,0.139377226,-35,10000,0.137352836,-42,0.081555813,0.106022557
מרתוןטבריהWinner,21097,0.652308696,-28,21097,0.542801333,-7,0.236613851,0.307598006
מרתוןטבריהWinner,21097,0.438124785,-35,10000,0.299202128,-16,0.088394591,0.114912968
מרתוןטבריהWinner,21097,0.280822705,-35,15000,0.28327351,-20,0.240709148,0.312921892
מרתוןטבריהWinner,15000,0.132089017,-55,10000,0.055219669,-29,0.168416897,0.218941966
מרתוןטבריהWinner,21097,0.400666437,-35,21097,0.354000838,-14,0.216267946,0.28114833
מרתוןטבריהWinner,10000,0.117971125,-51,15000,0.129361091,-4,0.151004077,0.1963053
מרתוןטבריהWinner,10000,0.180661094,-51,15000,0.174156497,-4,0.080308883,0.104401548
מרתוןסמסונגתל-אביב,21097,0.167644779,-98,10000,0.137814495,-17,0.207970929,0.270362208
JerusalemMarathon,42195,0.46853562,-70,21097,0.356428818,-35,0.088375196,0.114887755
מרתוןטבריהWinner,21097,0.332873722,-35,15000,0.27638191,-20,0.084686169,0.11009202
מרתוןסמסונגתל-אביב,21097,0.286682753,-84,10000,0.365881459,-16,0.051151321,0.066496717
JerusalemMarathon,42195,0.860602904,-14,21097,0.519016431,-84,0.170106458,0.221138395
JerusalemMarathon,42195,0.629012305,-21,42195,0.574406332,-49,-0.005075467,-0.006598107
JerusalemMarathon,42195,0.284328407,-14,21097,0.158590308,-91,0.261021703,0.339328214
מרתוןטבריהWinner,21097,0.420659543,-35,10000,0.749371333,-6,0.022240499,0.028912649
JerusalemMarathon,42195,0.375610391,-14,21097,0.286912559,-84,0.135797508,0.17653676
InternationalTiberiasWinnerMarathon,21097,0.20671033,-37,15000,0.176022972,-20,0.16487799,0.214341387
מרתוןסמסונגתל-אביב,21097,0.253131104,-84,10000,0.212917762,-31,0.058921657,0.076598154
מרתוןטבריהWinner,21097,0.219004941,-35,15000,0.209475951,-20,0.149611797,0.194495336
JerusalemMarathon,42195,0.415847386,-21,42195,0.459828496,-49,0.033867362,0.044027571
JerusalemMarathon,21097,0.239671787,-14,42195,0.53665333,-47,0.269981381,0.350975795
מרתוןסמסונגתל-אביב,15000,0.238478105,-104,10000,0.181937664,-11,0.185195462,0.240754101
JerusalemMarathon,21097,0.347676748,-14,21097,0.404113524,-84,0.337443608,0.43867669
מרתוןסמסונגתל-אביב,21097,0.138744325,-98,10000,0.180247841,-17,0.352190876,0.457848139
מרתוןטבריהWinner,21097,0.338159255,-35,15000,0.298383696,-70,0.120910582,0.157183757
מרתוןטבריהWinner,21097,0.14190509,-35,15000,0.11615219,-20,0.033240489,0.043212636
InternationalTiberiasWinnerMarathon,15000,0.347882268,-57,15000,0.043279022,-57,0.405662567,0.527361337
המרתוןהמדבריאילת,10000,0.283134473,-14,15000,0.23696416,-42,0.233256376,0.303233289
JerusalemMarathon,21097,0.397099513,-21,21097,0.379241726,-98,0.184900196,0.240370255
מרתוןסמסונגתל-אביב,21097,0.322302654,-84,10000,0.241831307,-16,0.106760417,0.138788542
מרתוןסמסונגתל-אביב,21097,0.218315523,-84,15000,0.194113424,-20,0.120759939,0.156987921
מרתוןסמסונגתל-אביב,10000,0.189779635,-100,15000,0.284996411,-4,0.175529485,0.228188331
מרתוןסמסונגתל-אביב,21097,0.307595082,-84,10000,0.540931281,-31,0.142635705,0.185426417
מרתוןטבריהWinner,21097,0.176261059,-35,10000,0.100303951,-16,0.070490582,0.091637757
מרתוןסמסונגתל-אביב,21097,0.18143169,-84,15000,0.162096195,-20,0.098956807,0.128643849
JerusalemMarathon,42195,0.263324538,-70,21097,0.224635183,-35,0.024295782,0.031584517
מרתוןטבריהWinner,21097,0.234516833,-35,15000,0.219669777,-20,0.177458146,0.23069559
JerusalemMarathon,42195,0.504590143,-21,42195,0.554720567,-98,0.02569555,0.033404215
JerusalemMarathon,42195,0.325281594,-21,15000,0.240500162,-21,0.072333002,0.094032903
JerusalemMarathon,42195,0.351650498,-21,42195,0.360422164,-49,0.032213907,0.041878079
JerusalemMarathon,42195,0.364086204,-21,42195,0.386345646,-49,0.050061941,0.065080523
JerusalemMarathon,21097,0.31323347,-21,42195,0.507558089,-98,-0.001694605,-0.002202987
JerusalemMarathon,42195,0.431343186,-21,42195,0.417612137,-49,0.115249236,0.149824007
מרתוןטבריהWinner,21097,0.301735034,-35,10000,0.218516389,-56,0.116457402,0.151394623
מרתוןטבריהWinner,21097,0.628874616,-63,5000,0.145805885,-14,-0.006139723,-0.00798164
מרתוןסמסונגתל-אביב,21097,0.383890612,-84,15000,0.332232592,-20,0.121722238,0.158238909
מרתוןסמסונגתל-אביב,21097,0.273059462,-98,10000,0.23263237,-17,0.269649038,0.350543749
JerusalemMarathon,21097,0.817288427,-21,42195,0.578693931,-49,-0.214409089,-0.278731816
המרתוןהמדבריאילת,10000,0.731382979,-2,15000,0.461450108,-4,0.101087128,0.131413266
מרתוןטבריהWinner,21097,0.400167551,-63,21097,0.426499033,-28,0.097814465,0.127158805
מרתוןסמסונגתל-אביב,10000,0.390577508,-100,15000,0.207035176,-4,0.046528641,0.060487233
מרתוןסמסונגתל-אביב,21097,0.141665155,-59,15000,0.112562814,-45,0.068406557,0.088928524
מרתוןסמסונגתל-אביב,21097,0.192780423,-98,15000,0.296338837,-6,0.149932199,0.194911859
מרתוןסמסונגתל-אביב,21097,0.28047562,-47,15000,0.270782484,-57,0.139892792,0.18186063
מרתוןטבריהWinner,21097,0.223371251,-35,15000,0.1988514,-20,0.088229044,0.114697757
מרתוןטבריהWinner,21097,0.444904056,-35,21097,0.348345203,-14,0.266370093,0.346281121
מרתוןסמסונגתל-אביב,15000,0.118057811,-21,21097,0.135815236,-63,0.069495536,0.090344197
JerusalemMarathon,42195,0.407057751,-14,21097,0.445708376,-84,-0.009445834,-0.012279584
מרתוןטבריהWinner,21097,0.507411238,-35,21097,0.621491412,-14,0.129150258,0.167895335
מרתוןסמסונגתל-אביב,21097,0.266747868,-98,15000,0.312419239,-6,0.141824741,0.184372163
JerusalemMarathon,42195,0.361546976,-21,42195,0.318139842,-49,0.01417374,0.018425862
מרתוןסמסונגתל-אביב,10000,0.242021277,-100,15000,0.231586504,-4,0.042185627,0.054841315
מרתוןסמסונגתל-אביב,21097,0.353317346,-47,10000,0.618320611,-51,0.025412222,0.033035889
מרתוןסמסונגתל-אביב,21097,0.425945076,-84,15000,0.393108399,-20,0.040437453,0.052568689
מרתוןטבריהWinner,10000,0.160524316,-51,15000,0.228571429,-4,0.163895399,0.213064019
JerusalemMarathon,10000,0.318197454,-91,21097,0.291055718,-28,0.265141594,0.344684072
JerusalemMarathon,42195,0.341558695,-14,21097,0.237389406,-84,0.164124434,0.213361764
מרתוןסמסונגתל-אביב,42195,0.807351493,-98,21097,0.207821817,-21,-0.132171589,-0.171823066
מרתוןסמסונגתל-אביב,21097,0.362748478,-84,21097,0.22422766,-14,0.219501058,0.285351375
מרתוןסמסונגתל-אביב,21097,0.380295763,-47,10000,0.327450244,-68,0.183010908,0.23791418
מרתוןטבריהWinner,21097,0.190853729,-35,10000,0.566109422,-16,-0.091806114,-0.119347948
מרתוןסמסונגתל-אביב,15000,0.302799713,-104,10000,0.259294029,-11,0.127052615,0.1651684
מרתוןסמסונגתל-אביב,21097,0.492668622,-98,10000,0.368920973,-2,0.256294206,0.333182468
מרתוןסמסונגתל-אביב,10000,0.368731003,-100,15000,0.481981335,-4,0.152285604,0.197971285
מרתוןסמסונגתל-אביב,21097,0.426174882,-84,10000,0.308130699,-16,0.150328816,0.195427461
מרתוןסמסונגתל-אביב,10000,0.377849544,-100,15000,0.52275664,-4,-0.035627658,-0.046315955
מרתוןסמסונגתל-אביב,15000,0.299066762,-104,10000,0.280886219,-11,0.221384926,0.287800404
מרתוןסמסונגתל-אביב,21097,0.50235551,-84,15000,0.414213927,-20,0.197487142,0.256733285
מרתוןסמסונגתל-אביב,42195,0.437994723,-49,21097,0.434447892,-35,0.006776284,0.008809169
מרתוןסמסונגתל-אביב,21097,0.385843962,-84,10000,0.310600304,-16,0.27968333,0.363588329
מרתוןסמסונגתל-אביב,21097,0.271822483,-77,10000,0.518237082,-23,-0.00151458,-0.001968954
מרתוןסמסונגתל-אביב,10000,0.113031915,-100,5000,0.072807018,-12,0.216866327,0.281926225
מרתוןטבריהWinner,10000,0.126709726,-51,15000,0.187365398,-4,0.104571936,0.135943517
InternationalTiberiasWinnerMarathon,10000,0.151235585,-72,10000,0.211443729,-17,0.219203356,0.284964363
מרתוןסמסונגתל-אביב,15000,0.255994257,-104,10000,0.213293278,-11,0.230816223,0.30006109
מרתוןסמסונגתל-אביב,21097,0.318740664,-84,10000,0.199586932,-31,0.252262727,0.327941545
מרתוןסמסונגתל-אביב,21097,0.276635082,-112,10000,0.47033421,-3,0.071335981,0.092736775
מרתוןסמסונגתל-אביב,15000,0.379831114,-21,10000,0.214116251,-28,0.13534613,0.175949969
מרתוןסמסונגתל-אביב,21097,0.306560956,-84,10000,0.203267477,-16,0.360620649,0.468806844
JerusalemMarathon,42195,0.394296504,-21,21097,0.282264643,-77,0.139966489,0.181956436
מרתוןסמסונגתל-אביב,15000,0.276875609,-21,21097,0.354245662,-63,0.1974936,0.25674168
מרתוןסמסונגתל-אביב,21097,0.339528377,-47,10000,0.247840781,-68,0.241180972,0.313535264
JerusalemMarathon,21097,0.394332602,-14,21097,0.38377571,-84,0.181359805,0.235767747
מרתוןסמסונגתל-אביב,10000,0.24031155,-100,5000,0.226315789,-12,0.20851197,0.271065561
מרתוןטבריהWinner,42195,0.574846679,-49,10000,0.252849544,-2,0.100597799,0.130777139
JerusalemMarathon,21097,0.397481156,-21,21097,0.428358037,-84,0.080125814,0.104163558
מרתוןסמסונגתל-אביב,21097,0.256348386,-84,15000,0.193251974,-20,0.209603102,0.272484033
מרתוןסמסונגתל-אביב,10000,0.284764438,-100,15000,0.1971285,-4,0.049046369,0.06376028
JerusalemMarathon,10000,0.292080135,-14,21097,0.496150753,-84,0.136931634,0.178011124
מרתוןסמסונגתל-אביב,15000,0.329648241,-104,10000,0.229440481,-11,0.114296384,0.148585299
מרתוןסמסונגתל-אביב,21097,0.465471676,-84,10000,0.299202128,-16,0.230137868,0.299179228
JerusalemMarathon,42195,0.341558695,-14,21097,0.213949213,-84,0.190319639,0.247415531
מרתוןסמסונגתל-אביב,21097,0.327317019,-98,15000,0.395692749,-6,0.180262158,0.234340805
מרתוןסמסונגתל-אביב,15000,0.44292893,-104,10000,0.501502065,-11,0.25348279,0.329527627
מרתוןסמסונגתל-אביב,10000,0.171047691,-115,10000,0.30022531,0,0.194534735,0.252895156
מרתוןסמסונגתל-אביב,21097,0.1649535,-77,10000,0.528495441,-23,-0.133559551,-0.173627416
מרתוןטבריהWinner,21097,0.136045042,-35,15000,0.117731515,-20,0.029246286,0.038020172
המרתוןהמדבריאילת,10000,0.134855512,-28,15000,0.091215741,-28,0.031820554,0.04136672
JerusalemMarathon,21097,0.246159718,-14,21097,0.390210272,-84,0.150970849,0.196262104
מרתוןסמסונגתל-אביב,21097,0.353671148,-84,15000,0.306245513,-20,0.176650173,0.229645225
מרתוןסמסונגתל-אביב,42195,0.349670185,-49,21097,0.251752269,-35,0.050678837,0.065882488
מרתוןסמסונגתל-אביב,42195,0.338852243,-49,15000,0.249246231,-55,0.034552886,0.044918752
מרתוןטבריהWinner,21097,0.166034701,-35,10000,0.029039678,-56,0.145800542,0.189540705
מרתוןטבריהWinner,21097,0.37469838,-35,10000,0.430301149,-31,0.097236383,0.126407298
InternationalTiberiasWinnerMarathon,21097,0.462024589,-37,15000,0.458865757,-20,0.047414215,0.06163848
JerusalemMarathon,15000,0.335498538,-42,10000,0.272241993,-28,0.165802646,0.21554344
מרתוןטבריהWinner,21097,0.304492704,-35,15000,0.265039483,-20,0.164640239,0.214032311
מרתוןטבריהWinner,21097,0.29012984,-35,15000,0.274802584,-20,0.151504764,0.196956193
מרתוןסמסונגתל-אביב,21097,0.303113869,-84,15000,0.27810481,-20,0.089363315,0.11617231
מרתוןטבריהWinner,21097,0.429736872,-35,15000,0.276125194,-56,0.169628334,0.220516834
מרתוןסמסונגתל-אביב,15000,0.23919598,-104,10000,0.223995494,-11,0.240375095,0.312487624
מרתוןטבריהWinner,21097,0.429621969,-35,15000,0.288799793,-56,0.240921045,0.313197359
מרתוןטבריהWinner,21097,0.102838102,-35,15000,0.089590811,-20,0.020935939,0.027216721
מרתוןטבריהWinner,21097,0.238423532,-35,10000,0.275069854,-31,0.088503967,0.115055157
מרתוןטבריהWinner,21097,0.296334597,-35,15000,0.247236181,-20,0.160998252,0.209297728
מרתוןסמסונגתל-אביב,15000,0.284709261,-104,10000,0.19677056,-11,0.146785319,0.190820915
מרתוןסמסונגתל-אביב,21097,0.335286683,-84,10000,0.507001795,-21,-0.03850214,-0.050052782
מרתוןסמסונגתל-אביב,15000,0.27925341,-104,5000,0.120672098,-8,0.228255229,0.296731798
JerusalemMarathon,21097,0.296219694,-98,42195,0.571709879,-14,0.018889651,0.024556546
InternationalTiberiasWinnerMarathon,15000,0.241349605,-57,10000,0.238347859,-32,0.163909485,0.213082331
מרתוןטבריהWinner,21097,0.260025279,-35,15000,0.253553482,-20,0.215440171,0.280072222
מרתוןטבריהWinner,21097,0.262149141,-49,15000,0.274084709,-6,0.114666716,0.149066731
מרתוןטבריהWinner,21097,0.355279789,-35,15000,0.27867911,-20,0.16059311,0.208771043
מרתוןטבריהWinner,21097,0.368493623,-35,15000,0.335391242,-20,0.091263372,0.118642384
מרתוןטבריהWinner,21097,0.147535333,-35,15000,0.124192391,-20,0.032935611,0.042816294
מרתוןטבריהWinner,21097,0.161898196,-35,15000,0.138262742,-20,0.043389188,0.056405944
מרתוןסמסונגתל-אביב,21097,0.174192807,-84,15000,0.145010768,-20,0.051479663,0.066923562
מרתוןטבריהWinner,21097,0.160404458,-35,15000,0.15678392,-20,0.04397837,0.057171881
JerusalemMarathon,42195,0.362335092,-70,21097,0.194530622,-35,0.04160525,0.054086825
מרתוןטבריהWinner,21097,0.188096059,-35,15000,0.180043073,-20,0.062962097,0.081850726
מרתוןטבריהWinner,21097,0.186487418,-35,21097,0.125994973,-14,0.063217907,0.082183279
JerusalemMarathon,21097,0.135292434,-21,10000,0.097271649,-49,0.084162544,0.109411307
מרתוןסמסונגתל-אביב,21097,0.443525221,-84,15000,0.412921752,-20,0.102410018,0.133133023
מרתוןסמסונגתל-אביב,21097,0.312421004,-84,15000,0.338119167,-20,0.054897894,0.071367262
מרתוןסמסונגתל-אביב,21097,0.309185838,-77,15000,0.331371141,-27,0.074148231,0.0963927
מרתוןסמסונגתל-אביב,21097,0.32251043,-59,15000,0.263029433,-45,0.035962408,0.04675113
מרתוןסמסונגתל-אביב,15000,0.388600195,-21,15000,0.305096913,-83,0.093609809,0.121692752
מרתוןטבריהWinner,21097,0.313340228,-35,15000,0.299210337,-20,0.120769572,0.157000444
מרתוןסמסונגתל-אביב,21097,0.343559692,-84,15000,0.286719311,-20,0.222525711,0.289283424
מרתוןטבריהWinner,21097,0.267176372,-49,15000,0.285570711,-6,0.075935166,0.098715716
מרתוןסמסונגתל-אביב,21097,0.355279789,-84,15000,0.28126346,-20,0.123488907,0.160535579
מרתוןטבריהWinner,21097,0.285418821,-35,15000,0.250825556,-20,0.092497864,0.120247223
JerusalemMarathon,21097,0.233374678,-14,21097,0.264966104,-84,0.109798765,0.142738395
מרתוןטבריהWinner,21097,0.267608871,-35,15000,0.247092606,-20,0.192913114,0.250787048
מרתוןסמסונגתל-אביב,42195,0.389313984,-49,21097,0.243019648,-35,0.012630631,0.01641982
מרתוןסמסונגתל-אביב,21097,0.265081007,-84,15000,0.23890883,-20,0.129996097,0.168994926
מרתוןסמסונגתל-אביב,21097,0.312076296,-84,15000,0.212921752,-20,-0.010334169,-0.01343442
מרתוןטבריהWinner,21097,0.228771688,-35,15000,0.211486001,-20,0.280794638,0.365033029
מרתוןסמסונגתל-אביב,21097,0.51705009,-77,15000,0.507824838,-27,-0.001401589,-0.001822066
JerusalemMarathon,21097,0.132811755,-21,21097,0.038342307,-77,0.122234973,0.158905465
מרתוןטבריהWinner,21097,0.441686775,-35,42195,0.302582707,-14,0.012891644,0.016759137
מרתוןטבריהWinner,21097,0.175226933,-35,42195,0.261639458,-14,0.02220005,0.028860065
JerusalemMarathon,21097,0.289785132,-105,42195,0.707523538,-14,-0.082839791,-0.107691728
מרתוןסמסונגתל-אביב,15000,0.336396267,-104,21097,0.379362145,-8,0.124899621,0.162369507
JerusalemMarathon,21097,0.357885698,-21,21097,0.241202346,-98,0.077655089,0.100951616
JerusalemMarathon,21097,0.505390707,-21,10000,0.326215896,-49,0.182862942,0.237721825
JerusalemMarathon,42195,0.237710788,-14,21097,0.239802367,-84,0.065355976,0.084962769
מרתוןטבריהWinner,21097,0.340572216,-35,21097,0.404775202,-28,0.115650829,0.150346078
JerusalemMarathon,42195,0.545316623,-70,21097,0.462714007,-35,0.108369569,0.14088044
JerusalemMarathon,21097,0.504913653,-21,21097,0.502528385,0,0.041785491,0.054321138
מרתוןטבריהWinner,21097,0.3359761,-35,21097,0.438584396,0,0.223999435,0.291199266
JerusalemMarathon,10000,0.42716958,-77,21097,0.387797311,-28,0.018683592,0.02428867
מרתוןסמסונגתל-אביב,21097,0.344428129,-77,21097,0.355969206,-7,0.086353192,0.11225915
JerusalemMarathon,42195,0.408620353,-21,21097,0.32333678,-84,0.092262145,0.119940789
מרתוןסמסונגתל-אביב,15000,0.249594024,-21,21097,0.308973917,-63,0.190733609,0.247953692
JerusalemMarathon,21097,0.263333651,-14,21097,0.38377571,-84,0.090000514,0.117000668
מרתוןסמסונגתל-אביב,42195,0.283905013,-49,21097,0.210502126,-35,0.046109797,0.059942736
מרתוןסמסונגתל-אביב,42195,0.249472296,-49,21097,0.19682868,-35,0.05583903,0.072590739
JerusalemMarathon,42195,0.345790742,-14,21097,0.248327623,-91,0.152075017,0.197697522
JerusalemMarathon,42195,0.745881893,-21,21097,0.40838636,-77,0.268594676,0.349173079
JerusalemMarathon,42195,0.589296178,-21,21097,0.532387013,-77,0.152845289,0.198698876
JerusalemMarathon,21097,0.271630472,-98,15000,0.208183776,-20,0.093223287,0.121190273
JerusalemMarathon,42195,0.261149814,-21,42195,0.304617414,-49,0.020323753,0.026420879
JerusalemMarathon,42195,0.391952601,-21,42195,0.357915567,-49,0.193182778,0.251137611
JerusalemMarathon,42195,0.524317989,-21,42195,0.401385224,-49,-0.035414325,-0.046038623
JerusalemMarathon,42195,0.706035549,-21,42195,0.767875989,-49,0.024174748,0.031427172
מרתוןסמסונגתל-אביב,21097,0.23635528,-84,21097,0.229835914,-28,0.091990672,0.119587874
מרתוןסמסונגתל-אביב,21097,0.22727795,-84,15000,0.202727925,-20,0.047709478,0.062022321
JerusalemMarathon,10000,0.044871795,-6,42195,0.094081646,-15,0.045607433,0.059289663
JerusalemMarathon,21097,0.239576376,-14,42195,0.569904824,-98,-0.07952415,-0.103381395
מרתוןסמסונגתל-אביב,42195,0.532866533,-47,10000,0.146263612,-68,-0.012069793,-0.015690731
מרתוןסמסונגתל-אביב,15000,0.268485284,-104,10000,0.206721742,-11,0.140415889,0.182540656
מרתוןסמסונגתל-אביב,10000,0.169562612,-91,15000,0.275376884,-13,0.173128923,0.2250676
מרתוןסמסונגתל-אביב,21097,0.456624153,-84,10000,0.330454375,-31,0.305659903,0.397357874
מרתוןסמסונגתל-אביב,21097,0.570148225,-84,15000,0.460301508,-20,0.075568805,0.098239447
מרתוןסמסונגתל-אביב,21097,0.392396802,-91,10000,0.256853173,-24,0.117656411,0.152953334
מרתוןסמסונגתל-אביב,21097,0.312191198,-84,15000,0.275664034,-20,0.067489142,0.087735885
JerusalemMarathon,10000,0.564577398,-6,10000,0.458754983,-71,0.10033762,0.130438906
InternationalTiberiasWinnerMarathon,15000,0.231012204,-57,10000,0.224183252,-11,0.079347113,0.103151247
מרתוןסמסונגתל-אביב,21097,0.373470387,-91,10000,0.372136688,-24,0.140771565,0.183003035
מרתוןסמסונגתל-אביב,21097,0.213374698,-84,21097,0.239080194,-28,0.171389586,0.222806462
מרתוןסמסונגתל-אביב,21097,0.460990463,-84,15000,0.473079684,-20,0.115815372,0.150559984
מרתוןסמסונגתל-אביב,21097,0.300963348,-98,10000,0.368381525,-17,0.185739049,0.241460764
מרתוןסמסונגתל-אביב,21097,0.514190509,-84,10000,0.348291401,-31,0.213592693,0.277670501
מרתוןסמסונגתל-אביב,21097,0.39098721,-47,10000,0.416072099,-68,0.204387527,0.265703785
מרתוןסמסונגתל-אביב,21097,0.337829736,-47,10000,0.24389786,-68,0.171405881,0.222827645
מרתוןסמסונגתל-אביב,42195,0.69527404,-98,10000,0.092564777,-17,-0.083873181,-0.109035135
מרתוןסמסונגתל-אביב,21097,0.314148681,-47,10000,0.225685317,-68,0.234477818,0.304821163
מרתוןסמסונגתל-אביב,21097,0.294955762,-84,10000,0.227187383,-31,0.124500405,0.161850527
מרתוןסמסונגתל-אביב,21097,0.3168477,-112,21097,0.373903893,-7,0.140593342,0.182771345
מרתוןסמסונגתל-אביב,10000,0.192748092,-98,10000,0.241515651,-21,0.189274796,0.246057235
InternationalTiberiasWinnerMarathon,21097,0.43755027,-37,21097,0.37855327,-28,0.294863349,0.383322354
InternationalTiberiasWinnerMarathon,15000,0.169274946,-57,21097,0.137320239,-15,0.130640676,0.169832879
מרתוןסמסונגתל-אביב,21097,0.4940825,-84,10000,0.441523922,-34,0.163097238,0.212026409
מרתוןסמסונגתל-אביב,21097,0.284844307,-84,21097,0.285994916,-28,0.104579738,0.135953659
מרתוןסמסונגתל-אביב,21097,0.300241296,-84,21097,0.243933441,-28,0.083013875,0.107918038
מרתוןסמסונגתל-אביב,21097,0.309512155,-91,21097,0.368731223,-21,0.026982875,0.035077738
מרתוןסמסונגתל-אביב,21097,0.335401586,-84,21097,0.377166628,-28,0.155793502,0.202531553
מרתוןסמסונגתל-אביב,21097,0.319301681,-91,15000,0.315290739,-13,0.154349079,0.200653803
מרתוןסמסונגתל-אביב,21097,0.559042264,-59,21097,0.424796047,-25,0.004141786,0.005384322
מרתוןסמסונגתל-אביב,21097,0.444904056,-84,15000,0.377889447,-20,0.127765954,0.16609574
InternationalTiberiasWinnerMarathon,21097,0.63162128,-37,15000,0.530366116,-20,-0.103285782,-0.134271517
מרתוןסמסונגתל-אביב,21097,0.284614501,-84,15000,0.235463029,-20,0.182307742,0.237000065
מרתוןסמסונגתל-אביב,21097,0.483040087,-59,21097,0.377570953,-25,0.03886565,0.050525345
JerusalemMarathon,21097,0.253792577,-14,21097,0.388550548,-98,0.193574108,0.25164634
מרתוןסמסונגתל-אביב,21097,0.289497551,-59,21097,0.294664709,-32,0.045961711,0.059750224
JerusalemMarathon,42195,0.587082492,-14,21097,0.389459945,-91,0.108996098,0.141694927
JerusalemMarathon,42195,0.385702194,-14,21097,0.297828335,-84,0.188875969,0.24553876
JerusalemMarathon,42195,0.487010873,-14,21097,0.297138918,-84,0.049551187,0.064416543
