MarathonResultInSecondsNormalized,ImprovementRate,RaceOneKM,RaceOneResultInSecondsNormalized,TimeBetweenMarathonAndRaceOne,RaceTwoKM,RaceTwoResultInSecondsNormalized,TimeBetweenRaceOneAndRaceTwo,Success
0.369521104,-0.134338405,10000,0.614720812,-14,15000,0.392998205,-104,Y
0.437931034,0.042599035,10000,0.459346505,-51,15000,0.331317495,-4,N
0.407885582,-0.011292125,42195,0.477793103,-49,10000,0.36056231,-51,Y
0.290516775,0.059498587,42195,0.268999493,-14,21097,0.193036884,-84,N
0.287310345,0.060146295,21097,0.212915087,-35,21097,0.241413013,-28,N
0.364583333,0.043993138,21097,0.391955986,-14,21097,0.249224405,-84,N
0.384058431,0.162155465,21097,0.256149363,-21,10000,0.18765657,-49,N
0.423160173,0.066293471,42195,0.423603564,-14,21097,0.29012984,-84,N
0.425517241,0.13903793,21097,0.314576934,-63,21097,0.258381689,-28,N
0.364921537,-0.132386456,42195,0.334130262,-14,42195,0.660485724,-98,Y
0.363750165,0.158517273,21097,0.23555209,-21,10000,0.174913694,-13,N
0.418087121,-0.142763978,42195,0.339129175,-14,42195,0.782573023,-98,Y
0.284793161,0.085664288,21097,0.195564748,-84,15000,0.202692998,-20,N
0.342827586,0.135830837,10000,0.142287234,-51,15000,0.271706263,-4,N
0.687050638,0.338243412,15000,0.244235141,-21,42195,0.45337931,-28,N
0.429764206,0.115787098,21097,0.336665518,-84,15000,0.291288697,-20,N
0.608495671,-0.324292563,21097,0.877063176,-14,42195,0.988513292,-98,Y
0.295400077,0.109555072,21097,0.22351372,-77,10000,0.148176292,-23,N
0.374028199,0.070021721,42195,0.293093251,-21,42195,0.314919704,-49,N
0.596117424,0.264517392,21097,0.304492704,-98,15000,0.358707361,-20,N
0.494823754,0.193491431,42195,0.363896405,-21,21097,0.238768241,-84,N
0.443188314,-0.014769539,42195,0.498260533,-21,42195,0.417655172,-49,Y
0.551921245,0.17834846,42195,0.335214534,-21,42195,0.411931034,-49,N
0.27537931,0.075643289,21097,0.222222222,-35,15000,0.17724982,-20,N
0.434615663,0.131709043,21097,0.246926347,-84,15000,0.358886894,-20,N
0.348237536,0.041971587,42195,0.355034483,-70,21097,0.257497415,-35,N
0.292230383,0.068809547,21097,0.234746639,-84,15000,0.212095032,-20,N
0.260482759,0.101901261,21097,0.166839021,-35,15000,0.150323974,-20,N
0.283034483,0.093729859,21097,0.204527175,-35,15000,0.174082073,-20,N
0.192059697,0.067504514,21097,0.126508101,-84,21097,0.122602265,-28,N
0.362527787,0.097684071,42195,0.359180518,-21,21097,0.170506912,-98,N
0.391421795,0.208695497,10000,0.165017261,-34,21097,0.200435335,-14,N
0.344137931,0.088352851,21097,0.296334597,-35,10000,0.215235562,-16,N
0.56022317,0.167711676,15000,0.326211849,-6,42195,0.45881114,-36,N
0.408206897,0.198171804,21097,0.266574744,-35,10000,0.153495441,-16,N
0.417314534,0.088615349,21097,0.268979632,-21,42195,0.388418738,-49,N
0.196443757,-0.127710256,15000,0.221825268,-21,42195,0.426482759,-28,Y
0.295587916,-0.002204456,42195,0.446504759,-98,10000,0.149079985,-17,Y
0.408156542,-0.190311579,10000,0.851430811,-21,42195,0.345505431,-49,Y
0.461310345,0.243186707,21097,0.221992416,-35,15000,0.21425486,-20,N
0.386498918,0.05681141,42195,0.389697892,-14,21097,0.269677123,-84,N
0.286758621,0.020884548,21097,0.233367804,-35,21097,0.298380341,-28,N
0.314931537,-0.238255324,42195,0.612569741,-98,10000,0.49380398,-17,Y
0.292413793,0.172193511,21097,0.138144114,-49,5000,0.102296451,-55,N
0.334826723,-0.101667442,42195,0.581257804,-21,42195,0.291730526,-49,Y
0.33948873,0.014489943,15000,0.3081571,-21,42195,0.341840474,-28,N
0.444602273,0.10816515,42195,0.453524596,-14,21097,0.21934965,-84,N
0.315733067,0.088269993,21097,0.233023095,-37,15000,0.221903052,-20,N
0.475134963,0.138370648,21097,0.526424973,-21,21097,0.147103659,-77,N
0.300344828,0.089831981,21097,0.240032173,-35,15000,0.180993521,-20,N
0.327151477,0.060856914,42195,0.264244298,-21,42195,0.268344828,-49,N
0.289586207,-0.215669179,21097,0.369757555,-35,42195,0.640753218,-14,Y
0.300425203,0.037081849,42195,0.318137931,-49,21097,0.208548776,-35,N
0.533509574,0.393566596,5000,0.054676259,-22,21097,0.225209698,-15,N
0.325960498,0.043567594,42195,0.332452129,-61,21097,0.232333678,-37,N
0.409018736,0.062120998,42195,0.293312717,-21,42195,0.400482759,-49,N
0.33937931,0.072261544,21097,0.295070665,-35,15000,0.239164867,-20,N
0.448137931,0.185265666,21097,0.293347122,-35,15000,0.232397408,-20,N
0.359655172,0.095507659,10000,0.250229991,-7,21097,0.278065035,-28,N
0.470779221,0.241121187,42195,0.228935739,-14,21097,0.230380329,-84,N
0.339409336,0.084746917,42195,0.284689655,-70,21097,0.224635183,-35,N
0.327087964,0.068018186,42195,0.254967143,-21,42195,0.263172414,-49,N
0.415075377,0.229081768,21097,0.20395266,-84,15000,0.168034557,-20,N
0.346793831,0.079670445,42195,0.338911831,-14,21097,0.195334942,-84,N
0.586478503,0.412185394,15000,0.235368043,-6,10000,0.113218175,-11,N
0.405652588,0.064133881,42195,0.322071898,-21,42195,0.360965517,-49,N
0.345441017,0.101672832,21097,0.312654145,-14,21097,0.174882225,-84,N
0.385078463,-0.077461554,42195,0.317104977,-14,42195,0.607975057,-98,Y
0.277704572,0.020224509,42195,0.252349346,-21,42195,0.262610782,-49,N
0.35349026,0.118196016,21097,0.223371251,-98,15000,0.247217235,-20,N
0.234482759,0.112103151,21097,0.161093876,-35,5000,0.083665339,-30,N
0.252080025,0.095702735,21097,0.151338536,-21,15000,0.161416044,-21,N
0.52010162,0.081518972,42195,0.520061848,-21,42195,0.357103448,-49,N
0.475952036,0.112350197,21097,0.332521197,-21,42195,0.394682482,-49,N
0.520344828,0.259696043,15000,0.316774658,-55,10000,0.204522912,-36,N
0.527131783,0.154052008,21097,0.358726876,-84,15000,0.387432675,-20,N
0.358639351,0.132193961,15000,0.211594674,-21,21097,0.241296105,-63,N
0.428,0.177440226,21097,0.284614501,-35,10000,0.216505047,-70,N
0.271172933,0.123770097,15000,0.187971275,-104,10000,0.106834397,-11,N
0.411794537,0.084011293,21097,0.316787315,-84,15000,0.338779174,-20,N
0.294689655,0.100049392,21097,0.209582902,-35,15000,0.179697624,-20,N
0.459753788,0.221601247,21097,0.241296105,-98,15000,0.235008977,-20,N
0.484026675,0.048380993,42195,0.453498261,-21,42195,0.417793103,-49,N
0.339853922,0.159655302,10000,0.160007503,-21,15000,0.200389737,-21,N
0.234248164,0.020546096,42195,0.282551724,-49,15000,0.144852412,-55,N
0.370400433,-0.066983401,21097,0.547524189,-14,21097,0.327243479,-84,Y
0.539599873,0.215241849,42195,0.298647082,-21,42195,0.350068966,-49,N
0.362893662,0.072884644,21097,0.237111393,-21,42195,0.342906644,-49,N
0.541862069,0.252655986,21097,0.250833046,-35,10000,0.32757912,-28,N
0.316068966,0.100129054,21097,0.229576008,-35,15000,0.202303816,-20,N
0.299789901,0.066944513,21097,0.220268873,-84,15000,0.245421903,-20,N
0.332413793,0.11398946,21097,0.238193726,-35,15000,0.198654941,-56,N
0.545241379,0.354747801,21097,0.259335861,-35,5000,0.121651296,-42,N
0.426103525,0.106577038,42195,0.412827586,-70,21097,0.226225388,-49,N
0.267800541,0.055667923,42195,0.263862069,-49,15000,0.160403168,-55,N
0.371985769,-0.00198141,42195,0.351186173,-21,42195,0.396748184,-49,Y
0.464751614,0.095428357,21097,0.411265958,-21,42195,0.327380556,-49,N
0.326787785,0.134763621,15000,0.248092153,-104,5000,0.135956175,-10,N
0.154826838,-0.174586461,15000,0.306457704,-21,42195,0.352368895,-28,Y
0.335931034,0.123526094,5000,0.215646534,-55,5000,0.209163347,-10,N
0.306996521,0.124201014,21097,0.219694358,-84,10000,0.145896657,-16,N
0.329793103,-0.015096304,10000,0.239740821,-48,10000,0.450037994,-3,Y
0.306137931,0.117611095,21097,0.227737562,-35,10000,0.149316109,-16,N
0.352275862,0.112409517,21097,0.25611858,-35,15000,0.223614111,-20,N
0.313611807,0.067704076,10000,0.235201882,-21,42195,0.25661358,-49,N
0.420068966,0.201190393,21097,0.228541882,-35,15000,0.209215263,-20,N
0.049655172,0.011068543,21097,0.047799609,-35,15000,0.02937365,-20,N
0.32688546,0.092994436,15000,0.277019749,-104,10000,0.190762298,-11,N
0.122137931,0.07400404,15000,0.079193665,-55,5000,0.017074117,-11,N
0.135931034,0.039218821,21097,0.107319315,-35,15000,0.086105112,-20,N
0.483594677,0.047842773,42195,0.477820858,-21,42195,0.393682948,-49,N
0.557700857,0.229667814,21097,0.394547071,-21,21097,0.261519016,-84,N
0.480827514,-0.028670512,42195,0.456791746,-21,42195,0.562204305,-49,Y
0.522993807,0.065810005,21097,0.355228535,-21,42195,0.559139068,-49,N
0.667586207,0.366019467,21097,0.35769275,-35,10000,0.245440729,-16,N
0.508465404,0.118048956,42195,0.462896552,-49,21097,0.317936344,-35,N
0.655931034,0.231469223,21097,0.426749397,-35,15000,0.422174226,-20,N
0.701352918,0.313624784,15000,0.381292627,-21,21097,0.394163641,-91,N
0.500579822,0.124608997,15000,0.384540435,-21,10000,0.367401216,-79,N
0.587089293,0.222002692,21097,0.394116971,-84,10000,0.336056231,-16,N
0.485233407,0.134549459,15000,0.433166771,-14,21097,0.268201126,-7,N
0.661885097,0.229894288,21097,0.491899345,-84,21097,0.372082274,-28,N
0.545995671,0.077332332,42195,0.597099171,-61,21097,0.340227508,-37,N
0.465862069,0.169850625,21097,0.331954498,-35,10000,0.260068389,-16,N
0.589838044,-0.003831258,42195,0.594511017,-21,42195,0.592827586,-49,Y
0.513258601,0.218579424,21097,0.293462025,-84,15000,0.295896328,-20,N
0.501619562,0.085791557,21097,0.344759459,-21,42195,0.486896552,-49,N
0.648119974,0.324857386,21097,0.330528181,-98,10000,0.315996996,-17,N
0.505176246,0.254375723,10000,0.275166192,-6,21097,0.226434855,-113,N
0.382141477,-0.048729868,42195,0.413034483,-49,10000,0.448708207,-51,Y
0.608792798,0.159591026,5000,0.382777501,-22,42195,0.515626041,-27,N
0.560114322,0.285967488,10000,0.267492028,-21,10000,0.28080164,-49,N
0.567412881,0.14425275,42195,0.569376965,-47,10000,0.276943297,-68,N
0.429586207,0.145751497,15000,0.251835853,-55,21097,0.315833566,-8,N
0.60159632,-0.028841817,42195,0.660508585,-14,21097,0.600367689,-84,Y
0.555668466,0.070574694,15000,0.373497889,-42,42195,0.596689655,-28,N
0.486560893,0.12814125,21097,0.376996438,-84,21097,0.339842847,-28,N
0.462,0.143946516,42195,0.364256716,-49,15000,0.271850252,-6,N
0.539840368,0.043920813,42195,0.593240926,-61,21097,0.398598185,-37,N
0.465713181,0.112547782,21097,0.264506492,-84,42195,0.441824307,-14,N
0.426137931,0.166473021,21097,0.267493968,-35,15000,0.251835853,-20,N
0.494240433,0.094924428,42195,0.541793103,-49,10000,0.256838906,-51,N
0.64745671,0.137167955,42195,0.607041947,-14,21097,0.413535562,-84,N
0.501492537,0.07200365,5000,0.209731544,-14,42195,0.649246231,-7,N
0.522664383,0.067475161,42195,0.428336729,-21,42195,0.482041714,-49,N
0.637445887,0.197225595,42195,0.604723611,-14,21097,0.275716975,-98,N
0.473241379,0.157898119,21097,0.315063771,-35,15000,0.31562275,-20,N
0.534533745,0.155706161,10000,0.313924051,-13,15000,0.443731118,-8,N
0.514639568,-0.069767814,42195,0.569849246,-21,42195,0.598965517,-49,Y
0.645767298,0.157682105,15000,0.394446249,-21,42195,0.581724138,-28,N
0.488206897,0.214754283,21097,0.339078479,-35,10000,0.207826748,-16,N
0.491521118,0.102044077,42195,0.383919598,-21,42195,0.395034483,-49,N
0.532359479,0.01368306,42195,0.554387321,-21,42195,0.482965517,-49,N
0.384438457,-0.066373826,21097,0.432976601,-27,42195,0.468647964,-22,Y
0.543950522,0.261123329,10000,0.291505352,-49,10000,0.274149034,-7,N
0.33805508,-0.084071367,42195,0.377603996,-21,42195,0.466648897,-49,Y
0.397862554,-0.166488733,42195,0.388466275,-14,42195,0.740236298,-98,Y
0.44452497,-0.050396385,42195,0.525859236,-21,42195,0.463983474,-49,Y
0.420270956,-0.126424614,42195,0.425192912,-47,42195,0.668198228,-51,Y
0.45664778,-0.008552931,15000,0.469283276,-7,42195,0.461118145,-63,Y
0.420873599,0.148399786,15000,0.270217603,-21,15000,0.274730022,-83,N
0.6105919,0.199677166,21097,0.376766632,-84,15000,0.445062837,-20,N
0.377889447,0.095679686,21097,0.271532012,-77,21097,0.29288751,-7,N
0.536458333,-0.255090142,42195,0.952576305,-112,15000,0.630520646,-6,Y
0.519212448,0.235438753,21097,0.272646449,-21,15000,0.294900942,-21,N
0.46286526,0.050369976,42195,0.39672535,-14,42195,0.428265219,-47,N
0.557954906,0.164476055,21097,0.37854391,-21,42195,0.408413793,-49,N
0.553255002,0.058425229,42195,0.567452648,-21,42195,0.422206897,-49,N
0.493371212,0.079883361,21097,0.545057864,-14,21097,0.281917839,-98,N
0.420023193,0.200933919,21097,0.264736298,-84,10000,0.173442249,-16,N
0.460842675,0.153026369,42195,0.350206897,-49,21097,0.265425715,-35,N
0.448206897,0.049703281,21097,0.359875905,-35,10000,0.437131326,-31,N
0.441791045,0.019680338,42195,0.419655172,-70,21097,0.424566242,-35,N
0.389485891,0.106345883,21097,0.274771341,-77,21097,0.291508675,-7,N
0.478310575,0.075969986,42195,0.421646695,-21,42195,0.383034483,-49,N
0.464337885,0.094345368,15000,0.44222361,-14,10000,0.297761423,-63,N
0.575757576,-0.153144388,42195,0.484387452,-14,42195,0.973416475,-98,Y
0.51140317,0.212750565,42195,0.371241379,-49,10000,0.22606383,-51,N
0.447443633,0.111392842,42195,0.366689655,-70,21097,0.305411927,-35,N
0.34137931,0.142484761,21097,0.215787659,-35,15000,0.18200144,-20,N
0.455915381,0.130997218,21097,0.332988625,-84,21097,0.3168477,-28,N
0.394537949,0.084699419,42195,0.352918438,-21,42195,0.266758621,-49,N
0.384460765,0.078064834,42195,0.375862069,-49,21097,0.236929794,-35,N
0.372226732,-0.109826144,42195,0.38977034,-14,42195,0.574335412,-98,Y
0.855759764,0.628099648,15000,0.266247756,-6,10000,0.189072475,-11,N
0.541631233,0.209941344,42195,0.398068966,-49,21097,0.265310812,-35,N
0.503689551,0.075257673,21097,0.450053601,-21,42195,0.406810155,-49,N
0.330357143,-0.195206932,42195,0.308266319,-14,42195,0.742861831,-98,Y
0.499746432,0.184779732,21097,0.317476732,-84,21097,0.312456667,-28,N
0.466137931,0.180161272,21097,0.297943238,-35,15000,0.274010079,-20,N
0.451874758,0.088994155,15000,0.245209484,-21,42195,0.480551724,-28,N
0.453448276,0.202498777,21097,0.322187751,-35,10000,0.179711246,-16,N
0.458812321,0.146728521,21097,0.214857256,-21,42195,0.409310345,-49,N
0.380641889,0.17992913,15000,0.218850987,-104,21097,0.182574532,-8,N
0.23718593,0.025436374,42195,0.237586207,-49,21097,0.185912904,-35,N
0.221103448,0.062001536,21097,0.190164311,-35,10000,0.128039514,-16,N
0.25668333,0.063484342,21097,0.206365621,-84,21097,0.180032355,-28,N
0.217778744,0.075059627,21097,0.136964265,-84,15000,0.148473968,-20,N
0.262311558,0.035066244,42195,0.277310345,-49,21097,0.177180283,-35,N
0.272911686,0.143585834,21097,0.12489946,-84,15000,0.133752244,-20,N
0.209374774,0.035487912,21097,0.169481788,-84,10000,0.178291936,-28,N
0.370536303,0.133630989,21097,0.221128545,-21,42195,0.252682082,-49,N
0.246343392,0.010377104,42195,0.227180127,-21,42195,0.244752449,-49,N
0.16889881,0.025344684,42195,0.163587626,-14,21097,0.123520625,-84,N
0.248206897,0.090837494,21097,0.211651155,-35,5000,0.103087649,-30,N
0.152865319,-0.135154674,42195,0.199199771,-47,15000,0.376840215,-57,Y
0.224443961,0.000238034,21097,0.175341836,-84,15000,0.273070018,-20,N
0.222206897,0.114957205,21097,0.163277031,-35,5000,0.051222352,-31,N
0.366482759,-0.109739352,10000,0.469794833,-51,15000,0.482649388,-4,Y
0.258068966,0.092031882,21097,0.180742273,-35,15000,0.151331893,-20,N
0.283370668,0.133469806,42195,0.287967405,-21,10000,0.01183432,-27,N
0.214551724,0.10767351,21097,0.137768586,-35,10000,0.075987842,-16,N
0.276189221,0.049076303,42195,0.235394624,-21,42195,0.218831212,-49,N
0.212482759,0.036403406,10000,0.189019757,-51,15000,0.163138949,-4,N
0.192887514,0.041423371,21097,0.158795818,-84,15000,0.144132469,-20,N
0.258551724,0.097101252,21097,0.175456739,-35,15000,0.147444204,-20,N
0.15044453,0.001711455,42195,0.169172414,-49,15000,0.128293737,-55,N
0.246409277,0.044123938,21097,0.190137414,-21,42195,0.214433264,-49,N
0.232482759,0.101740718,5000,0.083269672,-7,21097,0.178214409,-28,N
0.16497874,-0.00517987,42195,0.193586207,-49,21097,0.146731012,-35,Y
0.242830087,-0.077810762,42195,0.238426429,-14,42195,0.402855267,-98,Y
0.177655172,0.042759962,21097,0.129150868,-35,10000,0.140639553,-31,N
0.178068966,0.019945823,21097,0.12133747,-35,10000,0.194908815,-16,N
0.21462069,0.025137959,21097,0.164081351,-35,21097,0.214884111,-28,N
0.174965517,0.044992957,21097,0.142594508,-35,15000,0.117350612,-20,N
0.2558171,0.085819466,21097,0.170515914,-98,15000,0.169479354,-20,N
0.168658987,0.02668314,21097,0.136734459,-84,15000,0.147217235,-20,N
0.167761886,0.016668676,42195,0.176137931,-49,21097,0.126048489,-35,N
0.189161776,0.042568297,21097,0.142019993,-84,15000,0.151166966,-20,N
0.110344828,0.035535143,21097,0.085832472,-35,15000,0.063786897,-20,N
0.167172414,0.043121672,21097,0.134206595,-35,15000,0.113894888,-20,N
0.188480866,-0.009196114,42195,0.255172414,-49,21097,0.140181547,-35,Y
0.21462069,0.090485843,21097,0.170515914,-35,15000,0.07775378,-20,N
0.173024892,-0.146619626,21097,0.630430658,-14,21097,0.008858377,-98,Y
0.139448276,0.034783143,21097,0.11501781,-35,15000,0.094312455,-20,N
0.169724138,0.059710982,21097,0.121682179,-35,15000,0.098344132,-20,N
0.152344828,0.083788938,42195,0.056577697,-49,15000,0.080534083,-56,N
0.118051797,-0.00552638,15000,0.094673595,-21,42195,0.152482759,-28,Y
0.219862069,0.0506689,21097,0.148799265,-35,10000,0.189587074,-21,N
0.13862069,0.020946957,21097,0.108008733,-35,21097,0.127338732,-28,N
0.125448276,0.033858598,21097,0.104561645,-35,15000,0.078617711,-20,N
0.235724138,0.073663598,10000,0.212386018,-51,15000,0.111735061,-4,N
0.859645563,0.097387258,42195,0.824530899,-14,42195,0.69998571,-47,N
0.590219117,0.131377889,42195,0.563896405,-21,21097,0.353786051,-84,N
0.690882035,0.05776952,21097,0.760576741,-14,21097,0.505648289,-91,N
0.669430768,0.376072497,15000,0.343700504,-6,15000,0.243016037,-36,N
0.469934941,-0.02049143,15000,0.394259819,-21,42195,0.586592923,-28,Y
0.682426948,0.060010437,42195,0.763964356,-14,21097,0.480868666,-84,N
0.583623579,0.048813074,15000,0.481495468,-21,42195,0.588125541,-28,N
0.465290568,0.188504654,42195,0.374797062,-21,10000,0.178774767,-49,N
0.623888674,0.329165446,21097,0.356543721,-84,10000,0.232902736,-16,N
0.379241379,0.117743994,21097,0.228541882,-35,10000,0.294452888,-16,N
0.611368688,0.131518856,42195,0.611209896,-21,15000,0.348489769,-21,N
0.712121212,0.145470864,42195,0.689053104,-14,21097,0.444247592,-98,N
0.740056818,0.32029818,21097,0.390325175,-98,15000,0.449192101,-20,N
0.672482759,0.237622476,15000,0.398603207,-91,15000,0.471117358,-14,N
0.761517241,0.323797155,21097,0.582317073,-28,10000,0.2931231,-23,N
0.522567558,0.149085705,21097,0.348040905,-84,15000,0.398922801,-20,N
0.760417472,0.130192838,10000,0.860472248,-56,21097,0.399977019,-28,N
0.76119403,-0.042500397,42195,0.804561268,-21,42195,0.802827586,-49,Y
0.839678372,0.57889574,10000,0.229030213,-14,10000,0.292535051,-24,N
0.500425203,0.172274013,15000,0.305618707,-21,21097,0.350683672,-63,N
0.705836877,0.173799815,42195,0.679034483,-49,21097,0.385039642,-35,N
0.891611906,0.080585155,42195,0.810827586,-49,21097,0.811225915,-63,N
0.609082248,0.046475263,10000,0.327943521,-70,42195,0.79727045,-49,N
0.714844599,0.307667619,15000,0.482585278,-104,10000,0.331768682,-11,N
0.723079004,0.114595016,42195,0.674418605,-14,15000,0.542549372,-104,N
0.673186988,0.098295278,15000,0.591202873,-104,10000,0.558580548,-11,N
0.899110939,0.26799101,42195,0.815241379,-49,10000,0.44699848,-51,N
0.936683417,0.16830486,42195,0.865724138,-49,21097,0.671032977,-35,N
0.526552199,0.177454548,21097,0.347926003,-84,15000,0.3502693,-20,N
0.218213432,0.075257331,21097,0.137079168,-84,15000,0.148833034,-20,N
1,0.283214088,15000,0.661416044,-21,10000,0.77215578,-35,N
0.902976421,0.184129574,42195,0.816068966,-49,21097,0.621624727,-35,N
0.802289357,0.255421163,21097,0.396070321,-84,15000,0.697666068,-20,N
0.684407748,0.195880689,15000,0.555590256,-14,21097,0.421463863,-91,N
0.852678571,0.330782375,42195,0.701151923,-14,21097,0.342640469,-84,N
0.605335027,-0.025433364,42195,0.57526092,-21,42195,0.686275862,-49,Y
0.307034483,0.046554953,42195,0.242290749,-49,10000,0.278668311,-14,N
0.500889061,0.136299946,42195,0.47937931,-49,21097,0.24979892,-35,N
0.550054113,0.069081603,42195,0.615445918,-14,15000,0.346499102,-104,N
0.094,0.049594136,21097,0.072159026,-35,21097,0.016652702,-14,N
0.183076143,0.076102362,21097,0.099046306,-84,15000,0.114901257,-20,N
0.166,0.081306625,10000,0.074210365,-7,15000,0.095176386,-48,N
0.165258812,0.063963674,10000,0.080472707,-21,15000,0.122117571,-21,N
0.466099729,0.264465886,42195,0.158206897,-49,10000,0.24506079,-51,N
0.237241379,0.102496715,15000,0.160259179,-55,10000,0.109230149,-29,N
0.256590646,0.050098831,21097,0.19131334,-84,10000,0.221670289,-31,N
0.468896552,0.289933232,15000,0.201583873,-55,10000,0.156342767,-50,N
0.262432518,0.03914408,42195,0.224584461,-21,21097,0.221992416,-84,N
0.300413793,0.112386204,21097,0.200965184,-35,15000,0.175089993,-20,N
0.289497958,0.111880952,21097,0.198031381,-21,10000,0.15720263,-49,N
0.305172414,0.085372825,10000,0.214044772,-7,21097,0.225554407,-28,N
0.559889313,0.097510178,21097,0.427248806,-21,10000,0.497509464,-49,N
0.931448276,0.303810578,21097,0.604159485,-35,15000,0.651115911,-20,N
0.192964824,0.09816665,21097,0.106514995,-84,15000,0.083081353,-20,N
0.604506267,0.098391493,21097,0.482247501,-84,15000,0.529982047,-20,N
0.450342955,0.169043261,21097,0.320579111,-37,10000,0.242020278,-31,N
0.480036896,0.086042606,15000,0.53534861,-7,10000,0.252639968,-63,N
0.262137931,-0.099918608,21097,0.42491095,-35,10000,0.299202128,-16,Y
0.291172414,0.094071963,21097,0.211191543,-35,15000,0.183009359,-20,N
0.448015243,0.152213173,21097,0.326583029,-21,15000,0.265021111,-21,N
0.487241379,0.232154481,21097,0.254854648,-35,21097,0.255319149,-56,N
0.292400203,-0.002292036,21097,0.394231874,-84,15000,0.195152603,-20,Y
0.089862069,0.040382271,21097,0.064690337,-35,15000,0.034269258,-20,N
0.675995508,0.185185145,10000,0.504129264,-7,10000,0.477491462,-10,N
0.257643398,-0.167880413,42195,0.23618054,-14,42195,0.614867082,-98,Y
0.331777597,0.056480271,42195,0.31297544,-14,21097,0.237619212,-84,N
0.381073357,0.039829206,42195,0.326091998,-21,42195,0.356396303,-98,N
0.410436799,0.040518472,42195,0.466137931,-49,21097,0.273698725,-35,N
0.560820112,0.289230554,21097,0.322187751,-84,10000,0.220991363,-31,N
0.540935446,0.183198071,21097,0.335777126,-98,15000,0.379697624,-6,N
0.50305373,0.172271523,21097,0.359132803,-98,10000,0.302431611,-2,N
0.448743027,0.189790087,21097,0.296914517,-91,10000,0.220991363,-24,N
0.509431566,0.067929796,10000,0.402175952,-21,42195,0.480827586,-49,N
0.453862069,0.026957955,15000,0.614542837,-55,15000,0.239265391,-36,N
0.422,0.096244289,21097,0.269102608,-35,10000,0.382408815,-16,N
0.477172414,0.176754256,21097,0.317591635,-35,10000,0.283244681,-16,N
0.401261747,0.087728666,5000,0.318342597,-13,15000,0.308723565,-8,N
0.45447358,0.165110336,21097,0.277555794,-21,15000,0.301170695,-21,N
0.481870893,0.105221589,15000,0.272815849,-21,42195,0.480482759,-28,N
0.300551724,0.12888827,21097,0.229576008,-35,15000,0.1137509,-20,N
0.265989203,0.162607639,10000,0.103038936,-6,21097,0.103724192,-15,N
0.190413793,0.089673517,10000,0.083409997,-7,15000,0.118070554,-48,N
0.398067259,-0.067113857,15000,0.578759337,-21,21097,0.351602896,-63,Y
0.383842288,0.168574304,15000,0.306105879,-21,10000,0.124430091,-79,N
0.518220677,0.159517978,21097,0.350798575,-84,15000,0.366606822,-20,N
0.357386075,0.134902928,15000,0.250448833,-104,10000,0.194517462,-11,N
0.336593494,0.16607888,21097,0.16005975,-84,15000,0.180969479,-20,N
0.100758621,0.032400921,21097,0.075376307,-35,15000,0.061339093,-20,N
0.151063007,0.014580253,10000,0.151885099,-105,10000,0.12108041,-10,N
0.42780555,0.166512452,15000,0.338958707,-104,10000,0.183627488,-11,N
0.372672607,0.097550562,21097,0.244858095,-84,15000,0.305385996,-20,N
0.447172414,0.202698242,21097,0.289670229,-35,10000,0.199278116,-16,N
0.450916467,0.138242873,21097,0.298058141,-84,15000,0.327289048,-20,N
0.419103448,0.161580075,21097,0.27588188,-35,15000,0.239164867,-20,N
0.534364128,0.302893355,10000,0.237841945,-100,5000,0.225099602,-14,N
0.671511403,0.200896072,21097,0.491554636,-84,15000,0.449676026,-20,N
0.568457673,0.220909176,15000,0.430659305,-21,10000,0.26443769,-79,N
0.523850019,0.103257063,21097,0.393427554,-84,10000,0.447758359,-16,N
0.689310345,0.393881459,21097,0.376192118,-35,10000,0.214665653,-16,N
0.618167762,0.166578916,42195,0.518482759,-49,21097,0.384694933,-35,N
0.589437079,0.149125302,21097,0.414914397,-84,15000,0.465709156,-20,N
0.6803247,0.253966271,21097,0.429966678,-84,15000,0.42275018,-20,N
0.627212988,0.304349495,21097,0.386418476,-84,10000,0.259308511,-16,N
0.610603029,0.140280305,21097,0.439388717,-37,15000,0.501256732,-20,N
0.611310345,0.196430486,15000,0.349028078,-55,21097,0.480731639,-8,N
0.683034483,0.218403852,21097,0.427553717,-35,10000,0.501707544,-31,N
0.548344828,0.141717388,21097,0.430656096,-35,10000,0.382598784,-16,N
0.577889447,0.174433919,21097,0.445018959,-84,10000,0.361892097,-16,N
0.636383395,0.249276373,21097,0.473613219,-91,10000,0.300600826,-24,N
0.778827586,0.363741728,21097,0.428587843,-35,15000,0.401583873,-20,N
0.128256668,0.072959424,42195,0.084758621,-49,10000,0.025835866,-51,N
0.2433707,0.048145683,15000,0.138519,-21,42195,0.251931034,-28,N
0.50112099,0.354355297,5000,0.116099773,-21,10000,0.177431611,-79,N
0.552222652,0.330204042,21097,0.279903482,-84,10000,0.164133739,-16,N
0.375724778,0.083441945,15000,0.27720039,-21,21097,0.307365276,-63,N
0.730551724,0.153376076,21097,0.604389291,-35,10000,0.549962006,-16,N
0.121821057,0.107316941,10000,0.029008232,-21,10000,0,-22,N
0.17775728,0.082675468,21097,0.160997953,-21,10000,0.029165671,-22,N
0.262234248,0.016488615,42195,0.282827586,-49,21097,0.208663679,-35,N
0.433629687,0.161320231,15000,0.216628776,-21,10000,0.327990136,-91,N
0.291766525,0.135231789,10000,0.118541033,-100,15000,0.194528438,-4,N
0.665558562,0.218905121,5000,0.31894576,-56,21097,0.574361123,-42,N
0.387741795,0.061685694,21097,0.312076296,-84,15000,0.340035907,-20,N
0.532827586,0.165393254,21097,0.361369643,-35,21097,0.373499023,-28,N
0.436710067,0.0337825,21097,0.301096513,-21,42195,0.504758621,-49,N
0.522006986,0.261800154,21097,0.230168922,-21,21097,0.290244743,-84,N
0.507073831,0.145200025,21097,0.374583477,-84,10000,0.349164134,-16,N
0.923049443,0.309015284,21097,0.609559922,-37,5000,0.618508395,-20,N
0.887127947,0.468231319,10000,0.346504559,-100,15000,0.491288697,-4,N
0.193196753,-0.139931015,21097,0.179363438,-84,10000,0.486892097,-16,Y
0.196965517,0.053835284,21097,0.156382856,-35,15000,0.12987761,-20,N
0.225095994,-0.046398854,21097,0.157531886,-84,15000,0.38545781,-20,Y
0.411359849,0.087206763,21097,0.317246926,-84,15000,0.331059246,-20,N
0.471666022,0.140534793,15000,0.379831114,-21,21097,0.282431346,-63,N
0.478701198,0.23431869,15000,0.28986684,-21,10000,0.198898176,-79,N
0.498724391,0.093042169,42195,0.501586207,-49,21097,0.309778237,-35,N
0.506637028,0.190877815,21097,0.329151437,-21,21097,0.302366988,-98,N
0.513034483,0.26295219,10000,0.217515198,-51,15000,0.282649388,-4,N
0.510322191,0.041441584,15000,0.610223182,-6,10000,0.327538032,-11,N
0.598531117,0.260411576,10000,0.310220365,-100,15000,0.366018719,-4,N
0.817575889,0.176381402,21097,0.629067611,-91,15000,0.653321364,-13,N
0.371223647,0.059838997,21097,0.312535907,-84,15000,0.310233393,-20,N
0.67189353,0.053250038,10000,0.505025126,-6,10000,0.732261858,-15,N
0.922173275,0.486291045,10000,0.463195691,-7,10000,0.408568767,-10,N
0.192655586,0.022646599,42195,0.192137931,-49,21097,0.147880041,-35,N
0.18946158,0.008273952,21097,0.222538418,-14,21097,0.139836838,-84,N
0.209586394,0.07626673,10000,0.106809383,-49,21097,0.159829944,-35,N
0.269144389,0.086073146,21097,0.170630817,-84,15000,0.19551167,-20,N
0.230551724,0.063546456,21097,0.190968632,-35,15000,0.143041904,-56,N
0.258068966,0.17910037,15000,0.121670266,-55,21097,0.036266925,-36,N
0.30276027,-0.041340264,42195,0.451755825,-98,15000,0.236445242,-6,Y
0.265034483,-0.0378903,21097,0.165689992,-35,10000,0.440159574,-16,Y
0.329203796,0.132988219,15000,0.237342908,-104,10000,0.155088246,-11,N
0.238275862,-0.070566421,21097,0.177524991,-35,10000,0.440159574,-16,Y
0.257732614,-0.020129575,42195,0.240896792,-21,42195,0.314827586,-49,Y
0.356878939,0.175139211,21097,0.168774237,-91,10000,0.19470522,-24,N
0.459550866,0.024139868,42195,0.489313917,-14,15000,0.381508079,-104,N
0.343918704,0.137689289,10000,0.233855651,-6,21097,0.178603181,-15,N
0.354779295,0.006915573,42195,0.341244685,-21,42195,0.354482759,-49,N
0.361130518,0.104813005,42195,0.277773483,-21,21097,0.234861542,-84,N
0.275655172,-0.040673655,21097,0.220613582,-35,10000,0.412044073,-16,Y
0.351241379,0.063925742,42195,0.321499525,-49,15000,0.253131749,-6,N
0.379482721,0.032708842,21097,0.262668046,-84,15000,0.430879713,-20,N
0.400027056,0.179986355,42195,0.239440701,-14,21097,0.200640701,-91,N
0.253278273,0.070178261,15000,0.219748654,-104,10000,0.146451371,-11,N
0.568046537,0.073080862,42195,0.551691661,-14,21097,0.438239687,-84,N
0.52150974,0.096292442,21097,0.46461772,-14,15000,0.385816876,-104,N
0.418314859,0.196414683,21097,0.157983477,-91,15000,0.285816876,-13,N
0.47028594,0.129701328,10000,0.296796482,-6,42195,0.384372741,-15,N
0.354207685,0.087843099,10000,0.156695157,-6,42195,0.376034016,-15,N
0.336451488,0.149545345,10000,0.147606383,-100,15000,0.226205904,-4,N
0.567037155,0.082647687,42195,0.529261693,-21,42195,0.439517241,-49,N
0.527406262,0.134501548,42195,0.492344828,-49,21097,0.2934646,-49,N
0.49069043,0.183618454,21097,0.29664489,-98,10000,0.317499061,-17,N
0.455827247,-0.071312378,42195,0.462156939,-21,42195,0.592122311,-98,Y
0.483571705,0.143343254,42195,0.472137931,-49,21097,0.20831897,-35,N
0.386702744,0.132148931,10000,0.220554711,-100,15000,0.288552916,-4,N
0.397650048,-0.0013467,42195,0.380131426,-21,42195,0.417862069,-49,Y
0.524161414,0.126791778,42195,0.529436982,-47,10000,0.265302291,-68,N
0.49887901,0.153305145,42195,0.487310345,-49,10000,0.203837386,-51,N
0.388731061,0.136396089,21097,0.379434642,-14,21097,0.125235301,-98,N
0.497497294,0.184500754,21097,0.268183385,-98,15000,0.357809695,-20,N
0.616965517,0.224393941,21097,0.464552453,-35,21097,0.3205907,-14,N
0.721054303,0.131350266,42195,0.591959799,-21,42195,0.587448276,-49,N
0.665922619,0.145505529,21097,0.673875925,-14,21097,0.366958255,-98,N
0.473592697,0.08775872,21097,0.381362748,-84,15000,0.390305206,-20,N
0.627037601,0.277002727,21097,0.356084109,-84,15000,0.343985637,-20,N
0.634557402,0.338867483,10000,0.260638298,-100,15000,0.330741541,-4,N
0.641454756,0.150036116,21097,0.545673906,-84,15000,0.437163375,-20,N
0.707589711,0.229986476,10000,0.410018993,-6,42195,0.545187476,-15,N
0.739543873,0.270675265,21097,0.495116626,-84,15000,0.44262059,-20,N
0.838615433,-0.060545237,42195,0.907769617,-21,42195,0.890551724,-49,Y
0.818952402,0.266988814,21097,0.443770022,-91,21097,0.660157153,-21,N
0.672137931,0.325518218,21097,0.39365736,-35,10000,0.299582067,-16,N
0.556328334,0.032950152,21097,0.411926922,-84,15000,0.634829443,-20,N
0.3894081,-0.086037684,42195,0.667049557,-98,15000,0.283842011,-6,Y
0.72295967,0.376869384,21097,0.357008792,-21,21097,0.33517178,-84,N
0.478808955,0.119160774,42195,0.488353815,-47,10000,0.230942546,-68,N
0.578733766,0.120611233,21097,0.543729843,-14,21097,0.372515225,-84,N
0.525537927,0.144074175,15000,0.473967684,-104,10000,0.28895982,-11,N
0.549207576,0.258260832,21097,0.348040905,-84,10000,0.233852584,-16,N
0.466058103,0.063102985,15000,0.490664273,-104,10000,0.315245963,-11,N
0.621646695,0.118213369,21097,0.532202744,-77,21097,0.474663909,-7,N
0.477696173,0.117588171,21097,0.355854303,-84,10000,0.364361702,-16,N
0.651720139,0.208016315,21097,0.477766287,-84,10000,0.40964136,-14,N
0.271743332,-0.004712904,42195,0.332413793,-49,21097,0.220498679,-35,Y
0.210746038,-0.008353397,42195,0.281586207,-49,21097,0.156612662,-35,Y
0.125009664,0.001896741,15000,0.140630075,-21,21097,0.105595772,-63,N
0.221586207,0.087471385,21097,0.146271401,-35,15000,0.121958243,-20,N
0.265354437,0.08259306,42195,0.208795189,-14,21097,0.156727565,-84,N
0.161703977,0.016810854,21097,0.146731012,-84,21097,0.143055235,-28,N
0.316447556,0.107974676,15000,0.210412926,-57,10000,0.206532834,-8,N
0.386147939,0.222082188,21097,0.194823203,-112,10000,0.133308299,-3,N
0.227586207,0.067369142,21097,0.17155004,-35,15000,0.148884089,-20,N
0.276149981,0.125049103,5000,0.010788382,-77,10000,0.291413374,-23,N
0.041023958,-0.027880912,15000,0.097666068,-6,10000,0.040143672,-8,Y
0.231793103,0.06174451,21097,0.196024359,-35,10000,0.144072828,-70,N
0.497497294,0.090229534,42195,0.400202854,-14,42195,0.414332666,-47,N
0.337053571,0.038308276,21097,0.37886549,-14,21097,0.2186251,-47,N
0.369385388,0.181366447,21097,0.216463415,-77,10000,0.159574468,-23,N
0.287746424,0.067452622,15000,0.257713543,-21,10000,0.182874061,-28,N
0.310657104,0.184968592,10000,0.144761547,-115,10000,0.106615475,-3,N
0.505620832,0.074790407,42195,0.434557402,-21,42195,0.427103448,-49,N
0.584439505,0.282564658,42195,0.415539235,-21,15000,0.188210458,-21,N
0.242275862,0.086982828,10000,0.139527752,-7,15000,0.171058315,-48,N
0.226206897,0.085034404,10000,0.12266176,-7,15000,0.159683225,-48,N
0.387724138,0.081218203,21097,0.296565205,-63,10000,0.316446664,-14,N
0.287202381,0.038862152,21097,0.307531778,-14,21097,0.189148681,-47,N
0.370545033,0.141943342,21097,0.282431346,-84,10000,0.174772036,-16,N
0.321586207,0.121667036,21097,0.213949213,-35,15000,0.185889129,-20,N
0.356965517,0.110823289,21097,0.25772722,-35,15000,0.234557235,-20,N
0.237241379,0.063708979,21097,0.174422613,-35,15000,0.172642189,-20,N
0.294646091,0.064463206,15000,0.244165171,-104,21097,0.216200601,-8,N
0.195319858,0.023724713,15000,0.183842011,-104,21097,0.159348278,-8,N
0.407808272,0.24411611,15000,0.205423839,-21,10000,0.121960486,-79,N
0.381327406,0.08784055,42195,0.344068966,-70,21097,0.242904745,-35,N
0.358407422,0.18837047,10000,0.111132219,-100,15000,0.228941685,-4,N
0.407499034,0.133246641,21097,0.28932552,-84,15000,0.259179266,-20,N
0.489458813,0.254718058,15000,0.272710952,-104,10000,0.19677056,-11,N
0.543641283,0.174947698,10000,0.338827055,-77,15000,0.398560115,-27,N
0.582554517,-0.044340981,15000,0.66929982,-104,10000,0.584491175,-11,Y
0.436789104,0.05396336,5000,0.386567747,-104,10000,0.37908374,-11,N
0.508001546,0.26100101,21097,0.308859014,-84,10000,0.185142059,-14,N
0.746636035,0.49743136,15000,0.319030521,-6,10000,0.179378829,-8,N
0.395059045,0.096938287,21097,0.251896813,-91,15000,0.344344704,-13,N
0.928358209,0.335186489,21097,0.667700793,-105,21097,0.518642648,-14,N
0.534521481,0.257571364,21097,0.34229576,-84,21097,0.211604473,-14,N
0.706919211,0.233874217,21097,0.494542112,-84,15000,0.451547876,-20,N
0.644280229,0.212327711,21097,0.38814202,-84,15000,0.475763016,-20,N
0.493621956,0.15540743,10000,0.310410334,-100,15000,0.366018719,-4,N
0.607793103,0.183877143,21097,0.448695852,-35,15000,0.399136069,-20,N
0.590490916,0.290113693,21097,0.239631336,-98,15000,0.36112311,-6,N
0.428827586,0.097795312,21097,0.305871539,-35,10000,0.356193009,-16,N
0.656451496,0.299714102,21097,0.427894615,-112,10000,0.285580173,-3,N
0.483089827,0.078465536,42195,0.542345867,-14,21097,0.266902715,-91,N
0.490400638,0.140591248,21097,0.4311246,-91,10000,0.268494179,-24,N
0.65775029,0.330477539,21097,0.401126048,-84,10000,0.253419453,-16,N
0.558284431,0.172484139,21097,0.378949787,-84,21097,0.392650797,-28,N
0.518758621,0.109932119,10000,0.344794833,-51,15000,0.472858171,-4,N
0.392114418,0.086881199,21097,0.236240377,-84,15000,0.374226062,-20,N
0.463766275,0.238638838,21097,0.229576213,-21,10000,0.220678661,-49,N
0.578551724,0.21459077,10000,0.387727964,-51,10000,0.340193944,-54,N
0.580054117,0.294869938,10000,0.304030972,-49,10000,0.266337386,-51,N
0.425487213,0.166943846,15000,0.307360862,-104,10000,0.209725873,-11,N
0.505373019,0.194867569,21097,0.379179593,-84,10000,0.241831307,-16,N
0.505373019,0.194962554,21097,0.379179593,-84,10000,0.241641337,-16,N
0.537517241,0.230849572,21097,0.321038722,-35,15000,0.292296616,-20,N
0.6563066,0.244781333,21097,0.393427554,-84,15000,0.42962298,-20,N
0.411070057,0.115224135,21097,0.354055928,-112,21097,0.237635917,-7,N
0.642654221,0.037628074,21097,0.692278505,-14,15000,0.517773788,-104,N
0.605520539,0.247636574,21097,0.276270623,-98,15000,0.439497307,-6,N
0.497210751,0.034349145,21097,0.478685511,-84,15000,0.447037702,-20,N
0.449517241,0.176923053,21097,0.339078479,-35,10000,0.206109899,-56,N
0.436644762,0.033470339,21097,0.384120418,-84,21097,0.422228428,-28,N
0.468341709,0.114828121,21097,0.38910061,-77,15000,0.317926566,-27,N
0.437417859,0.168380915,21097,0.307135471,-84,21097,0.230938416,-14,N
0.429724138,0.11793384,15000,0.304535637,-55,21097,0.31904496,-8,N
0.4289138,0.176537586,21097,0.280018384,-84,10000,0.224734043,-16,N
0.379193723,-0.00299077,21097,0.482451148,-14,21097,0.281917839,-98,Y
0.301228923,0.168809858,21097,0.073635256,-51,15000,0.191202873,-6,N
0.349199449,0.147916525,15000,0.2497307,-104,10000,0.152835148,-11,N
0.269990473,0.034807161,42195,0.253730189,-21,42195,0.216636434,-98,N
0.750551724,0.437612148,21097,0.376421923,-35,10000,0.24945723,-28,N
0.448931277,0.004381782,21097,0.552077405,-14,21097,0.337021585,-59,N
0.338812229,-0.205581624,21097,0.566306204,-14,21097,0.522481503,0,Y
0.410345577,0.078942932,21097,0.318281053,-84,15000,0.344524237,-20,N
0.435931034,0.125485528,21097,0.342640469,-35,10000,0.278250544,-70,N
0.476691148,0.234856632,21097,0.289900034,-84,10000,0.193768997,-16,N
0.483880943,0.235511212,21097,0.261174308,-84,15000,0.235565155,-20,N
0.487140477,0.153383789,21097,0.244712656,-98,15000,0.422800718,-6,N
0.488364901,0.145888983,10000,0.267097264,-100,15000,0.417854572,-4,N
0.662388867,0.281382463,10000,0.327887538,-100,15000,0.43412527,-4,N
0.333436413,0.061966079,21097,0.247332317,-77,15000,0.295608351,-27,N
0.808890607,0.456603313,10000,0.313069909,-100,15000,0.39150468,-4,N
0.698260533,0.408186955,21097,0.35769275,-84,10000,0.222454407,-16,N
0.275310345,0.097907379,21097,0.19958635,-35,15000,0.155219582,-20,N
0.555350905,6.25E-05,42195,0.555856204,-21,42195,0.554720567,-98,N
0.452827586,0.238285816,10000,0.176671733,-51,15000,0.252411807,-4,N
0.409793103,0.069419844,10000,0.337765957,-51,15000,0.342980562,-4,N
0.723231542,0.299046327,42195,0.52262069,-49,21097,0.325749741,-35,N
0.746576831,0.331873531,21097,0.431554756,-47,21097,0.397851844,-51,N
0.503513729,0.162362563,21097,0.299896587,-84,15000,0.382405745,-20,N
0.513656451,0.185862305,21097,0.334941974,-84,15000,0.32064632,-20,N
0.446206897,0.115342922,10000,0.338905775,-51,15000,0.322822174,-4,N
0.663703131,0.353206032,10000,0.251519757,-100,15000,0.369474442,-4,N
0.494240383,0.198601171,21097,0.303257394,-47,10000,0.288021029,-68,N
0.515809818,0.224676095,21097,0.356773526,-84,10000,0.225493921,-16,N
0.581291071,0.175112198,21097,0.423876824,-84,15000,0.388480922,-20,N
0.356551724,0.123581286,15000,0.24737221,-55,21097,0.218568665,-36,N
0.503103448,0.21461904,21097,0.39250833,-35,10000,0.184460486,-16,N
0.701971395,0.324224602,10000,0.361876566,-49,10000,0.393617021,-51,N
0.485655172,0.234927772,21097,0.264161783,-35,15000,0.237293017,-20,N
0.368777056,0.009470553,21097,0.433693796,-14,15000,0.28491921,-104,N
0.59378396,0.082601527,10000,0.526135063,-76,15000,0.496229803,-28,N
0.496068966,0.258278653,21097,0.2964495,-35,10000,0.179131125,-56,N
0.38862069,0.118010347,21097,0.277145812,-35,15000,0.264074874,-20,N
0.681880751,0.133137782,21097,0.592669195,-84,21097,0.504816742,-14,N
0.597371473,0.082681857,15000,0.498700877,-21,21097,0.530678354,-56,N
0.513584003,0.252817033,15000,0.312746858,-104,10000,0.208787082,-11,N
0.693182641,0.269205406,10000,0.514120449,-112,10000,0.333834022,-3,N
0.467655172,0.076223778,21097,0.34585775,-35,15000,0.43700504,-20,N
0.522137931,0.078718315,10000,0.233852584,-51,15000,0.652986648,-54,N
0.753931034,0.20235445,21097,0.526025508,-35,10000,0.57712766,-16,N
0.705914186,0.273659376,10000,0.350261899,-49,10000,0.51424772,-51,N
0.5301746,0.138351664,21097,0.343789498,-84,15000,0.439856373,-20,N
0.52394407,0.138530561,21097,0.331150178,-84,15000,0.43967684,-20,N
0.491148048,0.136571365,21097,0.387195122,-77,15000,0.321958243,-27,N
0.38977034,0.012250392,21097,0.4466276,-84,21097,0.308412295,-28,N
0.329855828,0.166959324,21097,0.209382944,-112,10000,0.116410064,-3,N
0.184344828,0.042917118,21097,0.147650236,-35,15000,0.135205184,-20,N
0.391897685,0.187257052,21097,0.208204068,-37,15000,0.201077199,-20,N
0.560335498,0.080216812,21097,0.469740087,-14,42195,0.490497285,-47,N
0.41280881,0.135536891,21097,0.259910376,-84,21097,0.294633462,-35,N
0.502716801,0.238028453,21097,0.248809656,-98,10000,0.280567041,-20,N
0.598994975,0.221438151,10000,0.361876566,-49,10000,0.393237082,-51,N
0.56537931,0.285280841,15000,0.298344132,-55,10000,0.261852807,-36,N
0.602767514,0.214890586,21097,0.362288866,-84,15000,0.413464991,-20,N
0.500470912,0.189147915,15000,0.35978456,-104,10000,0.262861434,-11,N
0.563718032,0.168724364,21097,0.368263817,-84,15000,0.421723519,-20,N
0.520104325,0.181452989,21097,0.24714871,-98,10000,0.430153962,-17,N
0.636962979,0.224791326,21097,0.402619786,-84,15000,0.421723519,-20,N
0.686734768,0.243026341,21097,0.398368379,-84,15000,0.489048474,-20,N
0.711034483,0.40580374,21097,0.380788234,-35,10000,0.229673252,-16,N
0.375063392,0.087446154,21097,0.214372716,-98,15000,0.360861759,-6,N
0.468482759,0.155641302,21097,0.375732506,-35,10000,0.249950407,-56,N
0.607404187,0.265700785,21097,0.274609678,-98,15000,0.408797127,-6,N
0.373070816,0.034536849,21097,0.160723106,-21,42195,0.516344828,-49,N
0.528435847,0.204231977,21097,0.374468574,-84,10000,0.273939166,-31,N
0.692313265,0.173982889,21097,0.504883374,-84,15000,0.531777379,-20,N
0.660069579,0.343025667,10000,0.2931231,-100,15000,0.340964723,-4,N
0.492762446,0.072552247,21097,0.526275849,-14,21097,0.314144548,-84,N
0.64203434,0.240560913,21097,0.395042994,-91,21097,0.407903859,-21,N
0.716800696,0.253394607,21097,0.588096442,-91,10000,0.338715734,-24,N
0.67347678,0.23411559,15000,0.458707361,-104,10000,0.420015021,-11,N
0.525537927,0.144163941,15000,0.473788151,-104,10000,0.28895982,-11,N
0.63181917,0.202545168,21097,0.404688039,-84,15000,0.453859964,-20,N
0.369241379,0.110870878,15000,0.229949604,-55,21097,0.286791399,-8,N
0.298758621,0.109832774,10000,0.232444036,-7,10000,0.145407657,-84,N
0.467532468,0.132902394,10000,0.302030457,-14,21097,0.367229691,-84,N
0.414965517,0.129672284,21097,0.302539354,-35,10000,0.268047112,-16,N
0.324159258,0.0638349,15000,0.306105879,-21,15000,0.214542837,-83,N
0.40694052,0.200568979,15000,0.257091562,-104,10000,0.155651521,-11,N
0.408389481,0.15001082,21097,0.228426979,-84,15000,0.288330341,-20,N
0.322758621,0.107510434,21097,0.25060324,-35,10000,0.179893133,-70,N
0.45924799,0.225411528,21097,0.22727795,-84,15000,0.240394973,-20,N
0.426068723,0.097718739,21097,0.394042876,-14,15000,0.262657092,-104,N
0.569308079,0.210905404,21097,0.42330231,-84,10000,0.29350304,-16,N
0.74836456,0.231726949,10000,0.450947289,-21,21097,0.582327933,-84,N
0.447443182,0.021138013,42195,0.555241614,-14,21097,0.297368723,-84,N
0.376512352,-0.169387605,21097,0.568999196,-84,15000,0.522800718,-20,Y
0.642826522,0.273141413,21097,0.404688039,-37,21097,0.334682178,-7,N
0.518945157,0.165287696,21097,0.301390325,-84,15000,0.405924596,-20,N
0.341034483,0.041157229,21097,0.254854648,-35,10000,0.34489986,-14,N
0.49937931,0.037738555,10000,0.26424772,-51,21097,0.659033789,-12,N
0.646743462,0.145199523,21097,0.493393083,-84,15000,0.509694794,-20,N
0.865326633,0.308937661,5000,0.595110772,-56,10000,0.517667173,-44,N
0.434036079,0.253401705,21097,0.175012645,-91,10000,0.186256102,-24,N
0.548701299,0.178450203,21097,0.339065925,-105,15000,0.401436266,-13,N
0.397015142,0.168477131,21097,0.231015188,-47,10000,0.226060834,-68,N
0.229931034,0.091566003,21097,0.139377226,-35,10000,0.137352836,-42,N
0.872137931,0.219830252,21097,0.761814024,-28,21097,0.542801333,-7,N
0.477862069,0.109198613,21097,0.438124785,-35,10000,0.299202128,-16,N
0.546551724,0.26553562,21097,0.280822705,-35,15000,0.281209503,-20,N
0.274,0.181595349,15000,0.129589633,-55,10000,0.055219669,-29,N
0.62062069,0.243287052,21097,0.400666437,-35,21097,0.354000838,-14,N
0.287172414,0.164759926,10000,0.117971125,-51,15000,0.126853852,-4,N
0.269448276,0.0932286,10000,0.180661094,-51,15000,0.171778258,-4,N
0.401362023,0.248632386,21097,0.167644779,-98,10000,0.137814495,-17,N
0.500857415,0.077711972,42195,0.489862069,-70,21097,0.356428818,-35,N
0.407034483,0.103448594,21097,0.332873722,-35,15000,0.274298056,-20,N
0.41453421,0.088252103,21097,0.286682753,-84,10000,0.365881459,-16,N
0.859916126,0.121598955,42195,0.957617909,-14,21097,0.519016431,-84,N
0.596633852,-0.06027131,42195,0.713258601,-21,42195,0.600551724,-49,Y
0.482481061,0.259040433,42195,0.316380497,-14,21097,0.130500759,-91,N
0.634896552,0.049881114,21097,0.420659543,-35,10000,0.749371333,-6,N
0.467058983,0.114626394,42195,0.417952619,-14,21097,0.286912559,-84,N
0.356244641,0.142835616,21097,0.20671033,-37,15000,0.22010772,-20,N
0.324856915,0.091832482,21097,0.253131104,-84,10000,0.212917762,-31,N
0.380413793,0.167311611,21097,0.219004941,-35,15000,0.207199424,-20,N
0.471705303,0.001252549,42195,0.460146888,-21,42195,0.480758621,-49,N
0.658143939,0.185776296,21097,0.408081958,-14,42195,0.53665333,-47,N
0.439976817,0.199905651,15000,0.298204668,-104,10000,0.181937664,-11,N
0.713338745,0.199861,21097,0.622841965,-14,21097,0.404113524,-84,N
0.569368978,0.409872895,21097,0.138744325,-98,10000,0.180247841,-17,N
0.459172414,0.140900938,21097,0.338159255,-35,15000,0.298383696,-70,N
0.169655172,0.041899172,21097,0.14190509,-35,15000,0.113606911,-20,N
0.601243212,0.362099213,15000,0.435008977,-57,15000,0.043279022,-57,N
0.493305692,0.194387936,10000,0.360871352,-14,15000,0.23696416,-42,N
0.573070816,0.195560987,21097,0.375777931,-21,21097,0.379241726,-98,N
0.428063394,0.145996413,21097,0.322302654,-84,10000,0.241831307,-16,N
0.363833949,0.133311735,21097,0.218315523,-84,15000,0.242728905,-20,N
0.456667955,0.220309455,10000,0.189779635,-100,15000,0.282937365,-4,N
0.630804897,0.206541716,21097,0.307595082,-84,10000,0.540931281,-31,N
0.218275862,0.079993357,21097,0.176261059,-35,10000,0.100303951,-16,N
0.301238861,0.109176517,21097,0.18143169,-84,15000,0.202692998,-20,N
0.268275643,0.018302879,42195,0.275310345,-70,21097,0.224635183,-35,N
0.422965517,0.196995798,21097,0.234516833,-35,15000,0.217422606,-20,N
0.555350905,-0.004769332,42195,0.565519907,-21,42195,0.554720567,-98,Y
0.355223881,0.058669199,42195,0.3526092,-21,15000,0.240500162,-21,N
0.388250238,0.007876646,42195,0.383919598,-21,42195,0.376827586,-49,N
0.425277866,0.023969481,42195,0.398685736,-21,42195,0.403931034,-49,N
0.408701175,0.010449148,21097,0.288945965,-21,42195,0.507558089,-98,N
0.539726897,0.082143263,42195,0.478546579,-21,42195,0.43662069,-49,N
0.393724138,0.133598427,21097,0.301735034,-35,10000,0.218516389,-56,N
0.398551724,0.011211474,21097,0.628874616,-63,5000,0.145805885,-14,N
0.53606494,0.178964846,21097,0.383890612,-84,15000,0.330309575,-20,N
0.581395349,0.328549433,21097,0.273059462,-98,10000,0.23263237,-17,N
0.48358209,-0.224348567,21097,0.81082683,-21,42195,0.605034483,-49,Y
0.697503671,0.101862578,10000,0.731382979,-2,15000,0.459899208,-4,N
0.534413793,0.121080501,21097,0.400167551,-63,21097,0.426499033,-28,N
0.376420564,0.078756001,10000,0.390577508,-100,15000,0.20475162,-4,N
0.2175614,0.076351802,21097,0.141665155,-59,15000,0.140754039,-45,N
0.438962544,0.157294056,21097,0.192780423,-98,15000,0.370556553,-6,N
0.462363254,0.152825624,21097,0.28047562,-47,15000,0.338599641,-57,N
0.312965517,0.103007753,21097,0.223371251,-35,15000,0.196544276,-20,N
0.693172414,0.296547784,21097,0.444904056,-35,21097,0.348345203,-14,N
0.199613452,0.072676928,15000,0.118057811,-21,21097,0.135815236,-63,N
0.416937229,-0.032389465,42195,0.452945012,-14,21097,0.445708376,-84,Y
0.725172414,0.160721089,21097,0.507411238,-35,21097,0.621491412,-14,N
0.480040571,0.1513345,21097,0.266747868,-98,15000,0.390664273,-6,N
0.354017148,-0.010128527,42195,0.395670661,-21,42195,0.33262069,-49,Y
0.297642056,0.061944593,10000,0.242021277,-100,15000,0.22937365,-4,N
0.568861842,0.083042863,21097,0.353317346,-47,10000,0.618320611,-51,N
0.500657132,0.092004248,21097,0.425945076,-84,15000,0.391360691,-20,N
0.374758621,0.181321517,10000,0.160524316,-51,15000,0.226349892,-4,N
0.56976818,0.265141594,10000,0.318197454,-91,21097,0.291055718,-28,N
0.453598485,0.144872629,42195,0.380062305,-14,21097,0.237389406,-84,N
0.417735275,-0.08985138,42195,0.807351493,-98,21097,0.207821817,-21,Y
0.570817938,0.277329869,21097,0.362748478,-84,21097,0.22422766,-14,N
0.597406361,0.243533357,21097,0.380295763,-47,10000,0.327450244,-68,N
0.299724138,-0.078757438,21097,0.190853729,-35,10000,0.566109422,-16,Y
0.45410418,0.135139392,15000,0.378635548,-104,10000,0.259294029,-11,N
0.782218786,0.351423989,21097,0.492668622,-98,10000,0.368920973,-2,N
0.652261307,0.227651025,10000,0.368731003,-100,15000,0.480489561,-4,N
0.580827213,0.213674422,21097,0.426174882,-84,10000,0.308130699,-16,N
0.458755315,0.009139398,10000,0.377849544,-100,15000,0.521382289,-4,N
0.569006738,0.241579786,15000,0.373967684,-104,10000,0.280886219,-11,N
0.729696443,0.219542027,21097,0.50235551,-84,15000,0.517953321,-20,N
0.492385002,0.046195539,42195,0.457931034,-49,21097,0.434447892,-35,N
0.711944337,0.363722204,21097,0.385843962,-84,10000,0.310600304,-16,N
0.433629687,0.015784012,21097,0.317454268,-77,10000,0.518237082,-23,N
0.334209509,0.241290043,10000,0.113031915,-100,5000,0.072807018,-12,N
0.273517241,0.117649779,10000,0.126709726,-51,15000,0.185025198,-4,N
0.400543012,0.219203356,10000,0.151235585,-72,10000,0.211443729,-17,N
0.517930885,0.251230385,15000,0.32010772,-104,10000,0.213293278,-11,N
0.569079186,0.309915388,21097,0.318740664,-84,10000,0.199586932,-31,N
0.494964863,0.121480217,21097,0.276635082,-112,10000,0.47033421,-3,N
0.479706223,0.166470238,15000,0.379831114,-21,10000,0.246640856,-28,N
0.697255508,0.442341292,21097,0.306560956,-84,10000,0.203267477,-16,N
0.478247063,0.096143666,42195,0.434557402,-21,21097,0.32964939,-77,N
0.575570158,0.260009523,15000,0.276875609,-21,21097,0.354245662,-63,N
0.595160472,0.301475893,21097,0.339528377,-47,10000,0.247840781,-68,N
0.570413961,0.020719239,21097,0.715613736,-14,21097,0.38377571,-84,N
0.490993429,0.257679759,10000,0.24031155,-100,5000,0.226315789,-12,N
0.537862069,0.124013958,42195,0.574846679,-49,10000,0.252849544,-2,N
0.493045411,0.090779857,21097,0.376173071,-21,21097,0.428358037,-84,N
0.48337318,0.234373134,21097,0.256348386,-84,15000,0.241651706,-20,N
0.310707383,0.070916957,10000,0.284764438,-100,15000,0.194816415,-4,N
0.531047078,0.085002158,10000,0.395939086,-14,21097,0.496150753,-84,N
0.438238064,0.117413695,15000,0.412208259,-104,10000,0.229440481,-11,N
0.693621956,0.311285054,21097,0.465471676,-84,10000,0.299202128,-16,N
0.468073593,0.171067834,42195,0.380062305,-14,21097,0.213949213,-84,N
0.602839962,0.191784684,21097,0.327317019,-98,15000,0.494793537,-6,N
0.807505615,0.2798246,15000,0.553859964,-104,10000,0.501502065,-11,N
0.478664059,0.243027558,10000,0.171047691,-115,10000,0.30022531,0,N
0.219482026,-0.141088103,21097,0.192644817,-77,10000,0.528495441,-23,Y
0.163241379,0.037623466,21097,0.136045042,-35,15000,0.115190785,-20,N
0.14485618,0.031820554,10000,0.134855512,-28,15000,0.091215741,-28,N
0.469155844,0.06355934,21097,0.420982736,-14,21097,0.390210272,-84,N
0.563718032,0.195410286,21097,0.353671148,-84,15000,0.382944345,-20,N
0.383610359,0.074941121,42195,0.365586207,-49,21097,0.251752269,-35,N
0.356551991,0.055871943,42195,0.354275862,-49,15000,0.247084233,-55,N
0.254413793,0.156876604,21097,0.166034701,-35,10000,0.029039678,-56,N
0.522482759,0.119982994,21097,0.37469838,-35,10000,0.430301149,-31,N
0.507859388,-0.010046982,21097,0.462024589,-37,15000,0.573788151,-20,Y
0.469672912,0.145125647,15000,0.335498538,-42,10000,0.313595992,-28,N
0.469862069,0.186154234,21097,0.304492704,-35,15000,0.262922966,-20,N
0.453724138,0.172302126,21097,0.29012984,-35,15000,0.272714183,-20,N
0.422806636,0.097371784,21097,0.303113869,-84,15000,0.347755835,-20,N
0.546344828,0.193413794,21097,0.429736872,-35,15000,0.276125194,-56,N
0.525175686,0.263626773,15000,0.299102334,-104,10000,0.223995494,-11,N
0.627448276,0.268237395,21097,0.429621969,-35,15000,0.288799793,-56,N
0.122482759,0.027579186,21097,0.102838102,-35,15000,0.086969042,-20,N
0.360965517,0.104218824,21097,0.238423532,-35,10000,0.275069854,-31,N
0.452482759,0.181781263,21097,0.296334597,-35,15000,0.245068395,-20,N
0.431210606,0.154818145,15000,0.356014363,-104,10000,0.19677056,-11,N
0.42071898,-0.00042526,21097,0.335286683,-84,10000,0.507001795,-21,Y
0.476490618,0.241558519,15000,0.349192101,-104,5000,0.120672098,-8,N
0.452854437,0.018889651,21097,0.296219694,-98,42195,0.571709879,-14,N
0.403758217,0.133686621,15000,0.301795332,-57,10000,0.238347859,-32,N
0.493724138,0.238009555,21097,0.260025279,-35,15000,0.251403888,-20,N
0.400206897,0.133135206,21097,0.262149141,-49,15000,0.27199424,-6,N
0.499310345,0.183369515,21097,0.355279789,-35,15000,0.276601872,-20,N
0.46337931,0.112393838,21097,0.368493623,-35,15000,0.333477322,-20,N
0.176482759,0.041879959,21097,0.147535333,-35,15000,0.121670266,-20,N
0.202275862,0.053436195,21097,0.161898196,-35,15000,0.135781138,-20,N
0.217008118,0.058637416,21097,0.174192807,-84,15000,0.142548596,-20,N
0.211793103,0.054413049,21097,0.160404458,-35,15000,0.154355652,-20,N
0.320038107,0.033359003,42195,0.378827586,-70,21097,0.194530622,-35,N
0.258275862,0.07538694,21097,0.188096059,-35,15000,0.177681785,-20,N
0.229448276,0.07320708,21097,0.186487418,-35,21097,0.125994973,-14,N
0.200444586,0.09206488,21097,0.104712042,-21,10000,0.11204737,-49,N
0.596443757,0.169065596,21097,0.443525221,-84,15000,0.411231102,-20,N
0.42302398,0.055413119,21097,0.312421004,-84,15000,0.422800718,-20,N
0.434712022,0.08944423,21097,0.361089939,-77,15000,0.329445644,-27,N
0.365790046,0.040082407,21097,0.32251043,-59,15000,0.328904847,-45,N
0.489369927,0.143521953,15000,0.388600195,-21,15000,0.303095752,-83,N
0.446482759,0.141216533,21097,0.313340228,-35,15000,0.297192225,-20,N
0.604793197,0.290680737,21097,0.343559692,-84,15000,0.284665227,-20,N
0.368344828,0.092999982,21097,0.267176372,-49,15000,0.283513319,-6,N
0.490916119,0.173679393,21097,0.355279789,-84,15000,0.279193665,-20,N
0.377034483,0.109991019,21097,0.285418821,-35,15000,0.248668107,-20,N
0.358969156,0.028705797,21097,0.395560615,-14,21097,0.264966104,-84,N
0.470758621,0.214491982,21097,0.267608871,-35,15000,0.244924406,-20,N
0.35678392,0.031756854,42195,0.407034483,-49,21097,0.243019648,-35,N
0.419945883,0.169046849,21097,0.265081007,-84,15000,0.236717063,-20,N
0.265790491,0.004424769,21097,0.312076296,-84,15000,0.210655148,-20,N
0.523724138,0.304730663,21097,0.228771688,-35,15000,0.209215263,-20,N
0.57317356,0.018045274,21097,0.603849085,-77,15000,0.506407487,-27,N
0.207812004,0.134350705,21097,0.102143633,-21,21097,0.044778963,-77,N
0.402551724,0.030416983,21097,0.441686775,-35,42195,0.302582707,-14,N
0.251586207,0.033153012,21097,0.175226933,-35,42195,0.261639458,-14,N
0.415814544,-0.082839791,21097,0.289785132,-105,42195,0.707523538,-14,Y
0.537202058,0.137197825,15000,0.42064632,-104,21097,0.379362145,-8,N
0.377199111,0.089009278,21097,0.335177319,-21,21097,0.241202346,-98,N
0.598666243,0.166832512,21097,0.487898844,-21,10000,0.375768618,-49,N
0.304112554,0.051957513,42195,0.264507716,-14,21097,0.239802367,-84,N
0.510551724,0.137878015,21097,0.340572216,-35,21097,0.404775202,-28,N
0.612384884,0.095958915,42195,0.570137931,-70,21097,0.462714007,-35,N
0.54550651,0.059336402,21097,0.487404919,-21,21097,0.484935296,0,N
0.639103448,0.2518232,21097,0.3359761,-35,21097,0.438584396,0,N
0.426167037,0.018683592,10000,0.42716958,-77,21097,0.387797311,-28,N
0.484731349,0.105622508,21097,0.402248476,-77,21097,0.355969206,-7,N
0.458240711,0.070789561,42195,0.45156552,-21,21097,0.32333678,-84,N
0.524468496,0.245184526,15000,0.249594024,-21,21097,0.308973917,-63,N
0.413555195,-0.005898587,21097,0.455131854,-14,21097,0.38377571,-84,Y
0.314650174,0.060985318,42195,0.296827586,-49,21097,0.210502126,-35,N
0.297642056,0.068813923,42195,0.260827586,-49,21097,0.19682868,-35,N
0.449134199,0.145131558,42195,0.384771427,-14,21097,0.223233856,-91,N
0.845728803,0.181242315,42195,0.852029378,-21,21097,0.476943598,-77,N
0.713686885,0.069756685,42195,0.666099729,-21,21097,0.621760671,-77,N
0.333130411,0.067153595,21097,0.271630472,-98,15000,0.26032316,-20,N
0.303207367,0.005736379,42195,0.276459219,-21,42195,0.318482759,-49,N
0.568116862,0.165126286,42195,0.431774256,-21,42195,0.374206897,-49,N
0.427437282,-0.076862666,42195,0.588944724,-21,42195,0.419655172,-49,Y
0.761130518,-0.042641219,42195,0.804715887,-21,42195,0.802827586,-49,Y
0.361732957,0.12863736,21097,0.23635528,-84,21097,0.229835914,-28,N
0.292327755,0.051938331,21097,0.22727795,-84,15000,0.253500898,-20,N
0.115084154,0.053606896,10000,0.044871795,-6,42195,0.078082721,-15,N
0.32521645,-0.163682082,21097,0.407892241,-14,42195,0.569904824,-98,Y
0.364413533,0.02484846,42195,0.532866533,-47,10000,0.146263612,-68,N
0.420633196,0.14940877,15000,0.33572711,-104,10000,0.206721742,-11,N
0.440194161,0.18151274,10000,0.173018137,-91,15000,0.344344704,-13,N
0.778019271,0.384480007,21097,0.456624153,-84,10000,0.330454375,-31,N
0.65739332,0.084527466,21097,0.570148225,-84,15000,0.575583483,-20,N
0.49213939,0.177656489,21097,0.372112629,-91,10000,0.256853173,-24,N
0.402158951,0.073711467,21097,0.312191198,-84,15000,0.34470377,-20,N
0.612003811,0.10033762,10000,0.564577398,-6,10000,0.458754983,-71,N
0.306944841,0.050418745,15000,0.288868941,-57,10000,0.224183252,-11,N
0.57146997,0.209124439,21097,0.352554375,-91,10000,0.372136688,-24,N
0.442440049,0.216212603,21097,0.213374698,-84,21097,0.239080194,-28,N
0.648554662,0.122278461,21097,0.460990463,-84,15000,0.591561939,-20,N
0.579077012,0.244404576,21097,0.300963348,-98,10000,0.368381525,-17,N
0.717525176,0.286284221,21097,0.514190509,-84,10000,0.348291401,-31,N
0.676447149,0.272917494,21097,0.39098721,-47,10000,0.416072099,-68,N
0.514380932,0.223517134,21097,0.337829736,-47,10000,0.24389786,-68,N
0.344997464,-0.048921944,42195,0.69527404,-98,10000,0.092564777,-17,Y
0.5612548,0.2913378,21097,0.314148681,-47,10000,0.225685317,-68,N
0.429037166,0.167965593,21097,0.294955762,-84,10000,0.227187383,-31,N
0.54075201,0.195376214,21097,0.3168477,-112,21097,0.373903893,-7,N
0.452220532,0.235088661,10000,0.192748092,-98,10000,0.241515651,-21,N
0.702915119,0.294863349,21097,0.43755027,-37,21097,0.37855327,-28,N
0.283938268,0.109443319,15000,0.211669659,-57,21097,0.137320239,-15,N
0.7020213,0.234218089,21097,0.4940825,-84,10000,0.441523922,-34,N
0.433963631,0.14854402,21097,0.284844307,-84,21097,0.285994916,-28,N
0.395131493,0.123044125,21097,0.300241296,-84,21097,0.243933441,-28,N
0.407375208,0.079779113,21097,0.286460968,-91,21097,0.368731223,-21,N
0.569803666,0.213519559,21097,0.335401586,-84,21097,0.377166628,-28,N
0.524813446,0.179397325,21097,0.296577306,-91,15000,0.394254937,-13,N
0.551981453,0.060062298,21097,0.559042264,-59,21097,0.424796047,-25,N
0.599942042,0.141224304,21097,0.444904056,-84,15000,0.472531418,-20,N
0.477707917,-0.169700569,21097,0.63162128,-37,15000,0.663195691,-20,Y
0.492211838,0.202687352,21097,0.284614501,-84,15000,0.29443447,-20,N
0.522060422,0.091754902,21097,0.483040087,-59,21097,0.377570953,-25,N
0.514745671,0.102390336,21097,0.436160121,-14,21097,0.388550548,-98,N
0.376150112,0.095842409,21097,0.289497551,-59,21097,0.271117855,-32,N
0.597267316,0.086096561,42195,0.653263783,-14,21097,0.369077727,-91,N
0.530641234,0.167136035,42195,0.429182062,-14,21097,0.297828335,-84,N
0.441626082,0.022101034,42195,0.541911179,-14,21097,0.297138918,-84,N
